learner_id,signup_date,age,city_tier,education,hours_per_week_pledged,weekly_logins_avg,assignments_submitted,forum_posts,video_watch_pct,has_mentor,device,referral_source,payment_plan,days_since_last_login,certificate_issued,final_score,notes,completed_course,days_since_last_login_invalid
L-01146,2026-01-22,24.0,3,Other,8.3,4.2,3,6,89.0,1.0,Mobile,instagram,scholarship,1.0,Y,78.6,,1.0,0
L-00695,2026-06-02,15.0,1,Bachelors,1.0,2.54,0,4,31.2,0.0,Desktop,instagram,paid,12.0,no,,,0.0,1
L-00530,2026-05-20,24.0,2,Diploma,10.3,0.5,0,3,10.7,-1.0,Laptop,instagram,scholarship,12.0,No,,follow up next intake,0.0,1
L-02228,2026-01-19,23.0,1,Bachelors,1.6,3.01,0,0,40.2,0.0,Mobile,school_partner,free,12.0,FALSE,,duplicate?  check,0.0,1
L-00914,2026-02-16,21.0,2,High School,9.8,4.36,3,1,36.7,0.0,Desktop,instagram,paid,19.0,TRUE,67.1,follow up next intake,1.0,0
L-00860,2026-06-03,22.0,1,Bachelors,8.4,1.52,2,1,53.1,1.0,Mobile,youtube,free,17.0,0,,called on phone,0.0,0
L-02674,2026-04-09,22.0,2,Masters,3.4,4.7,0,4,31.9,0.0,Laptop,instagram,free,20.0,No,,,0.0,0
L-02644,2026-04-11,21.0,3,Diploma,6.5,2.27,0,5,45.5,0.0,Tablet,instagram,free,12.0,no,,-,0.0,1
L-02550,2026-04-14,25.0,2,Diploma,1.8,4.17,8,4,60.9,0.0,Mobile,school_partner,free,12.0,TRUE,77.2,-,1.0,1
L-01648,2026-01-09,22.0,2,High School,8.8,3.3,6,1,39.2,1.0,Laptop,instagram,paid,12.0,yes,75.2,called on phone,1.0,1
L-00847,2026-01-22,26.0,3,High School,4.5,2.66,4,5,48.9,1.0,Mobile,school_partner,scholarship,12.0,N,,requested extension,0.0,1
L-00538,2026-02-11,19.0,2,High School,2.0,3.42,4,1,44.2,0.0,Laptop,friend,paid,16.0,N,,,0.0,0
L-01515,2026-03-13,30.0,1,Masters,3.7,1.33,3,2,29.1,0.0,Mobile,school_partner,free,12.0,N,,,0.0,1
L-00021,2026-04-16,21.0,1,Bachelors,4.9,1.77,3,4,33.0,1.0,Mobile,instagram,free,12.0,FALSE,,asked about certificate,0.0,1
L-00945,2026-04-14,22.0,2,High School,9.0,4.4,9,8,71.4,1.0,Laptop,youtube,paid,21.0,TRUE,86.0,,1.0,0
L-02774,2026-01-03,21.0,3,High School,7.2,3.13,0,4,100.0,0.0,Laptop,friend,paid,3.0,0,28.1,asked about certificate,0.0,0
L-02782,2026-02-04,21.0,3,Bachelors,12.2,4.04,1,2,56.4,1.0,Laptop,instagram,paid,14.0,FALSE,,requested extension,0.0,0
L-01677,2026-04-19,15.0,1,Diploma,7.3,4.4,2,1,25.1,0.0,Mobile,instagram,scholarship,12.0,N,39.3,called on phone,0.0,1
L-00871,2026-04-12,15.0,3,Bachelors,4.4,0.0,5,5,22.3,1.0,Laptop,school_partner,free,12.0,0,,,0.0,1
L-00460,2026-01-06,25.0,3,Bachelors,5.3,1.64,4,4,26.6,0.0,Laptop,school_partner,scholarship,12.0,0,48.4,,0.0,1
L-02584,2026-04-20,23.0,3,Masters,4.1,2.92,4,0,31.8,1.0,Desktop,school_partner,free,12.0,1,78.3,requested extension,1.0,1
L-02445,2026-04-19,17.0,1,High School,12.0,3.36,3,3,88.5,0.0,Laptop,youtube,free,8.0,No,,duplicate?  check,0.0,0
L-00811,2026-01-21,28.0,1,High School,10.0,4.36,4,3,100.0,0.0,Mobile,school_partner,paid,20.0,FALSE,39.5,requested extension,0.0,0
L-00863,2026-04-02,22.0,2,Bachelors,9.7,4.32,2,6,37.8,1.0,Mobile,friend,scholarship,2.0,FALSE,,called on phone,0.0,0
L-02234,2026-03-25,22.0,3,High School,4.6,1.56,4,4,23.5,0.0,Desktop,instagram,scholarship,11.0,0,,,0.0,0
L-02290,2026-04-19,19.0,1,Masters,7.1,2.81,5,5,57.7,0.0,Desktop,school_partner,scholarship,8.0,TRUE,84.3,duplicate?  check,1.0,0
L-02649,2026-05-09,21.0,1,High School,8.2,3.94,10,4,57.7,0.0,Laptop,friend,free,16.0,0,,asked about certificate,0.0,0
L-01949,2026-05-15,18.0,2,Bachelors,10.2,3.13,3,4,26.5,0.0,Laptop,school_partner,scholarship,12.0,FALSE,,,0.0,1
L-00648,2026-04-01,26.0,1,Diploma,4.4,2.24,4,0,31.2,0.0,Mobile,friend,free,5.0,no,,,0.0,0
L-01912,2026-02-01,21.0,3,High School,4.3,1.68,0,6,23.5,1.0,Mobile,other,free,12.0,FALSE,,asked about certificate,0.0,1
L-02703,2026-02-12,21.0,1,Other,6.7,4.42,2,5,19.6,1.0,Mobile,instagram,paid,12.0,N,51.5,asked about certificate,0.0,1
L-02004,2026-01-03,21.0,1,Bachelors,5.8,2.82,0,6,59.3,0.0,Desktop,school_partner,scholarship,19.0,N,,requested extension,0.0,0
L-00584,2026-04-24,23.0,2,Bachelors,3.1,6.44,5,4,45.5,0.0,Mobile,ngo_outreach,scholarship,18.0,1,68.3,,1.0,0
L-01587,2026-05-17,19.0,2,Bachelors,4.5,1.34,0,0,51.8,0.0,Desktop,youtube,scholarship,12.0,No,,,0.0,1
L-01809,2026-06-20,17.0,3,High School,5.4,5.4,7,4,75.9,0.0,Laptop,friend,paid,12.0,Y,84.3,asked about certificate,1.0,1
L-00387,2026-02-16,21.0,2,High School,6.2,3.5,1,4,14.7,0.0,Laptop,ngo_outreach,free,12.0,FALSE,,requested extension,0.0,1
L-02171,2026-03-09,21.0,2,Bachelors,5.5,3.59,10,1,48.2,0.0,Laptop,other,scholarship,19.0,No,,,0.0,0
L-01194,2026-04-19,23.0,1,Bachelors,6.1,2.69,1,1,100.0,0.0,Mobile,other,free,12.0,N,,requested extension,0.0,0
L-02376,2026-06-20,20.0,1,Diploma,6.1,0.62,0,2,26.9,1.0,Mobile,school_partner,free,12.0,FALSE,,follow up next intake,0.0,1
L-00590,2026-06-19,15.0,2,High School,3.8,4.41,2,6,55.0,0.0,Laptop,instagram,scholarship,12.0,Yes,75.6,,1.0,1
L-02046,2026-05-22,23.0,2,Other,2.2,3.61,1,3,37.4,0.0,Mobile,youtube,free,12.0,FALSE,,,0.0,1
L-00064,2026-01-19,22.0,2,Bachelors,8.4,1.69,8,0,17.7,1.0,Tablet,instagram,free,5.0,Y,99.7,duplicate?  check,1.0,0
L-00779,2026-05-26,26.0,1,Bachelors,8.6,1.99,0,3,42.7,0.0,Desktop,school_partner,scholarship,18.0,0,,follow up next intake,0.0,0
L-02622,2026-02-18,20.0,1,Diploma,10.9,3.13,6,2,33.5,1.0,Mobile,youtube,free,10.0,1,82.4,called on phone,1.0,0
L-00117,2026-04-20,15.0,1,Bachelors,12.0,6.18,7,5,67.4,0.0,Desktop,instagram,free,9.0,Yes,62.5,called on phone,1.0,0
L-00066,2026-05-17,20.0,2,Bachelors,7.8,5.15,6,4,45.5,1.0,Tablet,instagram,scholarship,13.0,TRUE,81.3,,1.0,0
L-00971,2026-06-16,17.0,2,High School,10.9,3.61,4,2,22.3,0.0,Mobile,instagram,free,21.0,Y,,,0.0,0
L-02502,2026-04-02,22.0,2,High School,1.0,5.29,5,3,25.0,0.0,Mobile,school_partner,scholarship,16.0,0,,follow up next intake,0.0,0
L-01420,2026-01-26,23.0,1,Diploma,7.1,1.12,1,1,40.3,0.0,Mobile,other,free,12.0,No,,,0.0,1
L-01514,2026-02-07,21.0,1,High School,15.0,3.76,5,5,45.5,0.0,Desktop,youtube,free,1.0,No,48.1,requested extension,0.0,0
L-02030,2026-06-28,23.0,2,Bachelors,10.3,4.86,6,1,72.4,0.0,Mobile,instagram,paid,4.0,yes,72.6,asked about certificate,1.0,0
L-00319,2026-05-04,25.0,1,Unknown,3.4,0.0,5,2,23.9,0.0,Desktop,school_partner,paid,12.0,1,66.2,requested extension,1.0,1
L-00228,2026-01-19,24.0,3,Bachelors,10.6,2.62,6,6,63.9,0.0,Tablet,instagram,free,5.0,yes,84.2,,1.0,0
L-00458,2026-02-13,15.0,2,High School,4.1,4.97,5,5,34.6,1.0,Laptop,instagram,paid,9.0,yes,62.6,,1.0,0
L-02354,2026-03-18,18.0,2,High School,8.5,3.25,7,4,92.0,0.0,Laptop,friend,free,4.0,TRUE,74.3,,1.0,0
L-00511,2026-03-25,21.0,1,Diploma,7.9,3.13,6,7,59.1,0.0,Mobile,ngo_outreach,scholarship,6.0,FALSE,,,0.0,0
L-01196,2026-05-02,21.0,3,High School,8.6,5.39,2,4,59.6,0.0,Mobile,school_partner,paid,4.0,yes,80.6,,1.0,0
L-01523,2026-02-15,22.0,3,High School,8.1,2.6,10,3,66.0,1.0,Desktop,instagram,free,11.0,1,67.0,called on phone,1.0,0
L-00788,2026-02-12,18.0,1,Bachelors,7.1,2.03,1,2,38.5,1.0,Mobile,school_partner,free,12.0,N,34.6,follow up next intake,0.0,1
L-00406,2026-01-03,20.0,2,High School,8.4,3.65,4,1,68.5,1.0,Tablet,ngo_outreach,free,2.0,N,,,0.0,0
L-02243,2026-04-12,28.0,2,Diploma,4.4,2.87,6,7,23.8,1.0,Tablet,friend,scholarship,12.0,TRUE,73.0,,1.0,1
L-01812,2026-06-06,23.0,2,Bachelors,7.2,4.21,6,2,60.1,1.0,Mobile,friend,scholarship,12.0,TRUE,74.2,follow up next intake,1.0,1
L-02281,2026-03-13,20.0,2,Bachelors,12.4,3.63,3,8,18.9,0.0,Laptop,instagram,free,12.0,0,,called on phone,0.0,1
L-02675,2026-02-01,20.0,1,Diploma,3.4,0.74,0,1,0.0,0.0,Laptop,ngo_outreach,scholarship,12.0,no,,requested extension,0.0,1
L-01789,2026-02-01,19.0,1,Diploma,9.6,1.14,0,1,0.0,1.0,Laptop,school_partner,free,12.0,0,,asked about certificate,0.0,1
L-01470,2026-04-07,19.0,2,Diploma,9.0,5.5,5,1,56.6,0.0,Desktop,instagram,scholarship,8.0,0,,,0.0,0
L-02766,2026-05-12,23.0,2,Diploma,5.0,3.21,6,5,81.7,0.0,Mobile,youtube,free,12.0,N,,requested extension,0.0,1
L-01438,2026-03-05,16.0,1,Bachelors,2.3,2.48,6,4,24.4,0.0,Mobile,youtube,free,21.0,1,67.6,,1.0,0
L-00450,2026-06-02,18.0,2,Bachelors,7.6,2.82,3,2,55.6,1.0,Mobile,instagram,paid,20.0,N,,,0.0,0
L-00339,2026-04-06,20.0,2,Bachelors,10.7,3.8,5,6,31.5,-1.0,Mobile,friend,scholarship,17.0,no,,,0.0,0
L-01366,2026-04-06,19.0,2,Bachelors,3.5,0.11,2,7,21.3,1.0,Mobile,instagram,scholarship,11.0,no,,duplicate?  check,0.0,0
L-02493,2026-02-06,18.0,Unknown,Other,7.1,3.32,5,2,64.4,1.0,Mobile,friend,paid,9.0,Y,74.1,-,1.0,0
L-00122,2026-02-03,25.0,2,Other,8.7,2.57,1,2,20.7,-1.0,Desktop,friend,scholarship,12.0,no,,-,0.0,1
L-00401,2026-01-06,15.0,2,Bachelors,7.1,4.29,6,2,81.8,0.0,Laptop,instagram,scholarship,13.0,Yes,91.2,-,1.0,0
L-01345,2026-04-04,24.0,2,Bachelors,7.1,3.54,4,1,61.7,0.0,Laptop,instagram,free,12.0,no,,requested extension,0.0,1
L-01764,2026-04-07,21.0,3,High School,4.3,5.42,4,11,63.4,0.0,Desktop,friend,scholarship,12.0,FALSE,,-,0.0,1
L-00156,2026-05-10,32.0,3,High School,9.3,1.96,2,2,33.7,1.0,Mobile,friend,scholarship,6.0,No,,follow up next intake,0.0,0
L-01923,2026-04-25,18.0,2,Diploma,8.0,3.51,10,4,73.3,1.0,Mobile,other,scholarship,5.0,1,67.6,requested extension,1.0,0
L-00866,2026-06-25,23.0,2,Diploma,6.2,4.66,6,9,100.0,-1.0,Mobile,other,free,8.0,1,72.9,called on phone,1.0,0
L-01038,2026-03-09,18.0,1,Diploma,13.7,3.33,2,6,72.4,0.0,Desktop,school_partner,scholarship,12.0,no,62.0,follow up next intake,0.0,1
L-01483,2026-04-02,26.0,2,Diploma,5.1,4.03,6,6,44.8,0.0,Laptop,school_partner,paid,3.0,Y,83.4,,1.0,0
L-00086,2026-04-08,16.0,2,Diploma,11.7,3.13,7,3,47.9,0.0,Laptop,instagram,free,21.0,no,,,0.0,0
L-00273,2026-01-21,20.0,3,High School,6.9,3.93,5,8,44.1,1.0,Mobile,instagram,paid,4.0,Y,76.5,duplicate?  check,1.0,0
L-02084,2026-05-28,21.0,3,Masters,4.1,3.36,2,1,41.1,0.0,Mobile,school_partner,free,12.0,N,,-,0.0,1
L-02160,2026-06-04,20.0,2,High School,7.1,4.79,5,9,84.5,0.0,Desktop,school_partner,free,20.0,yes,56.3,,1.0,0
L-02781,2026-05-15,22.0,3,Diploma,11.0,2.63,6,4,37.0,1.0,Mobile,friend,free,10.0,0,,-,0.0,0
L-02588,2026-06-09,25.0,1,Other,2.0,0.41,1,1,4.4,0.0,Tablet,friend,free,21.0,N,,,0.0,0
L-01183,2026-03-17,15.0,2,Diploma,7.9,5.34,5,2,25.7,0.0,Laptop,ngo_outreach,free,12.0,no,,,0.0,1
L-01989,2026-06-11,25.0,1,Bachelors,11.1,4.13,5,4,65.1,1.0,Mobile,friend,paid,4.0,1,69.5,,1.0,0
L-00138,2026-05-27,21.0,3,High School,1.6,3.13,0,0,6.7,1.0,Laptop,youtube,free,12.0,0,,-,0.0,1
L-00781,2026-03-24,25.0,2,Bachelors,7.1,4.59,5,1,54.1,0.0,Laptop,youtube,scholarship,15.0,Y,75.3,,1.0,0
L-00315,2026-06-18,20.0,2,High School,3.4,2.06,6,1,71.6,0.0,Mobile,friend,free,12.0,0,,called on phone,0.0,1
L-00034,2026-01-25,17.0,1,Bachelors,8.2,4.04,3,10,89.8,0.0,Laptop,friend,free,3.0,N,,,0.0,0
L-01589,2026-01-17,28.0,2,Bachelors,2.9,3.87,7,2,59.7,0.0,Desktop,instagram,scholarship,0.0,1,73.6,asked about certificate,1.0,0
L-01629,2026-06-09,20.0,3,Bachelors,1.2,0.0,3,0,68.4,0.0,Desktop,friend,paid,12.0,N,,,0.0,1
L-01530,2026-05-05,15.0,2,High School,9.1,2.5,1,2,50.0,0.0,Mobile,school_partner,paid,14.0,No,,requested extension,0.0,0
L-00190,2026-01-03,21.0,2,Bachelors,7.1,0.2,2,2,0.0,1.0,Mobile,instagram,scholarship,11.0,0,,,0.0,0
L-00855,2026-05-19,24.0,1,Diploma,1.0,0.36,1,3,51.0,0.0,Mobile,ngo_outreach,scholarship,12.0,N,,requested extension,0.0,1
L-01389,2026-02-13,22.0,1,High School,3.0,0.18,4,3,17.0,0.0,Mobile,school_partner,free,12.0,no,,,0.0,1
L-01020,2026-04-08,15.0,3,Masters,10.5,4.01,2,5,64.4,0.0,Laptop,school_partner,paid,20.0,0,,duplicate?  check,0.0,0
L-02729,2026-04-11,22.0,3,Masters,10.0,5.96,7,5,57.4,1.0,Mobile,instagram,free,12.0,Yes,83.3,,1.0,1
L-01885,2026-01-05,21.0,2,Bachelors,5.1,3.13,4,5,45.5,1.0,Laptop,youtube,scholarship,12.0,1,76.6,asked about certificate,1.0,0
L-02794,2026-02-26,27.0,2,High School,10.9,3.61,5,0,1.4,0.0,Mobile,school_partner,paid,4.0,FALSE,,,0.0,0
L-01422,2026-03-03,20.0,2,Diploma,9.4,0.72,2,1,16.5,1.0,Desktop,school_partner,scholarship,15.0,yes,73.8,-,1.0,0
L-02312,2026-04-05,23.0,3,Diploma,1.0,1.53,2,1,14.7,1.0,Mobile,youtube,paid,13.0,no,,,0.0,0
L-02517,2026-05-22,19.0,3,Unknown,9.5,4.29,3,5,45.5,0.0,Mobile,other,free,12.0,N,,,0.0,1
L-02041,2026-05-24,27.0,1,Diploma,9.1,4.92,5,1,38.4,0.0,Mobile,friend,scholarship,12.0,yes,92.4,asked about certificate,1.0,1
L-01358,2026-05-07,20.0,2,High School,11.4,5.49,6,4,100.0,0.0,Laptop,instagram,free,6.0,no,80.3,,1.0,0
L-02601,2026-02-25,24.0,1,Other,3.3,0.25,0,1,23.8,0.0,Laptop,ngo_outreach,free,18.0,no,,duplicate?  check,0.0,0
L-01291,2026-04-04,22.0,2,High School,1.0,2.25,2,0,2.8,0.0,Mobile,friend,scholarship,12.0,No,45.8,,0.0,1
L-01484,2026-01-02,24.0,3,High School,10.5,7.0,6,4,53.1,1.0,Desktop,school_partner,paid,5.0,Y,76.4,duplicate?  check,1.0,0
L-01026,2026-05-19,21.0,2,Bachelors,7.1,4.41,2,12,73.2,1.0,Laptop,friend,paid,7.0,TRUE,91.5,,1.0,0
L-01730,2026-02-22,24.0,2,High School,3.4,2.98,6,2,0.0,0.0,Mobile,friend,free,5.0,no,,,0.0,0
L-02286,2026-05-06,21.0,3,Other,4.0,3.13,1,0,7.8,1.0,Laptop,ngo_outreach,free,12.0,FALSE,,follow up next intake,0.0,1
L-01543,2026-03-07,21.0,2,High School,8.1,3.13,4,4,43.0,0.0,Laptop,school_partner,scholarship,12.0,N,,-,0.0,1
L-00803,2026-03-16,21.0,3,Diploma,1.3,0.68,0,5,1.6,1.0,Mobile,instagram,free,12.0,FALSE,,requested extension,0.0,1
L-00993,2026-03-22,20.0,1,High School,7.0,4.64,6,2,45.5,0.0,Desktop,instagram,free,5.0,Yes,59.8,,1.0,0
L-02383,2026-05-01,24.0,2,Bachelors,4.4,1.99,4,1,45.3,0.0,Laptop,instagram,scholarship,9.0,N,,,0.0,0
L-02259,2026-03-21,21.0,1,High School,4.1,2.25,0,5,0.0,1.0,Mobile,school_partner,free,12.0,0,,,0.0,1
L-00532,2026-06-14,21.0,2,Bachelors,11.3,0.0,3,3,0.0,1.0,Mobile,school_partner,free,18.0,FALSE,,,0.0,0
L-02746,2026-06-23,19.0,3,High School,4.3,5.07,6,1,59.3,0.0,Mobile,school_partner,scholarship,12.0,Y,82.4,called on phone,1.0,1
L-02787,2026-04-03,25.0,1,Diploma,7.1,3.98,6,1,43.2,0.0,Laptop,instagram,free,6.0,1,84.4,called on phone,1.0,0
L-00028,2026-01-03,22.0,2,Bachelors,2.0,3.92,6,9,41.7,1.0,Desktop,other,scholarship,5.0,Y,95.5,follow up next intake,1.0,0
L-01029,2026-01-05,25.0,3,Bachelors,9.5,1.87,1,3,14.3,0.0,Laptop,school_partner,paid,12.0,FALSE,,requested extension,0.0,1
L-02498,2026-01-17,21.0,3,High School,7.1,2.64,0,6,29.5,0.0,Laptop,youtube,scholarship,20.0,no,,duplicate?  check,0.0,0
L-01135,2026-03-02,22.0,1,High School,7.8,2.5,5,3,45.5,1.0,Laptop,ngo_outreach,free,21.0,0,,,0.0,0
L-01560,2026-02-05,21.0,2,High School,13.4,5.11,6,7,91.4,0.0,Laptop,ngo_outreach,free,2.0,Y,92.8,duplicate?  check,1.0,0
L-00025,2026-04-15,15.0,3,Bachelors,8.3,2.94,0,2,100.0,0.0,Laptop,instagram,free,16.0,0,,,0.0,0
L-01570,2026-02-08,23.0,1,Diploma,8.2,1.53,0,4,9.2,1.0,Tablet,friend,free,12.0,no,34.4,asked about certificate,0.0,1
L-01585,2026-03-11,17.0,1,High School,3.4,0.72,4,1,64.2,1.0,Mobile,ngo_outreach,free,16.0,N,,,0.0,0
L-02127,2026-04-16,24.0,1,Bachelors,8.7,2.3,1,3,12.5,0.0,Mobile,instagram,free,7.0,FALSE,,called on phone,0.0,0
L-00157,2026-01-17,26.0,3,High School,7.3,1.98,4,1,66.8,1.0,Mobile,friend,free,18.0,Yes,86.1,,1.0,0
L-02530,2026-01-08,21.0,1,Masters,8.1,4.31,5,0,86.6,0.0,Laptop,school_partner,paid,13.0,TRUE,71.3,follow up next intake,1.0,0
L-01290,2026-04-08,20.0,3,Diploma,4.6,3.13,3,3,54.0,0.0,Desktop,school_partner,scholarship,12.0,FALSE,,duplicate?  check,0.0,1
L-00390,2026-01-18,21.0,3,Unknown,7.1,4.03,7,6,56.7,0.0,Laptop,other,paid,10.0,Yes,89.0,-,1.0,0
L-01800,2026-04-24,15.0,2,Bachelors,17.6,2.31,8,10,45.5,0.0,Laptop,instagram,scholarship,12.0,Yes,58.7,,1.0,0
L-00465,2026-04-15,21.0,3,Diploma,8.1,3.46,7,5,68.8,1.0,Mobile,youtube,scholarship,19.0,1,78.5,,1.0,0
L-00014,2026-06-20,27.0,2,High School,11.0,3.02,2,4,60.7,1.0,Mobile,other,scholarship,21.0,FALSE,,asked about certificate,0.0,0
L-02050,2026-01-23,24.0,2,Diploma,5.6,2.01,6,0,46.3,1.0,Mobile,instagram,free,12.0,Yes,68.0,follow up next intake,1.0,1
L-01707,2026-06-19,26.0,3,High School,11.2,2.61,0,1,48.5,0.0,Mobile,youtube,scholarship,12.0,FALSE,,follow up next intake,0.0,1
L-02037,2026-05-18,18.0,2,Bachelors,9.8,3.13,8,6,100.0,0.0,Laptop,instagram,paid,8.0,TRUE,76.3,,1.0,0
L-02748,2026-04-10,23.0,1,Other,8.5,3.37,6,3,58.3,0.0,Mobile,school_partner,scholarship,16.0,TRUE,86.8,requested extension,1.0,0
L-02098,2026-04-05,32.0,2,Diploma,5.1,0.0,2,3,32.2,1.0,Desktop,ngo_outreach,scholarship,20.0,N,,,0.0,0
L-02216,2026-05-02,20.0,2,High School,10.1,2.34,7,7,66.1,1.0,Mobile,friend,free,12.0,yes,68.3,-,1.0,1
L-00681,2026-06-18,23.0,2,Bachelors,8.4,3.23,1,2,63.3,1.0,Mobile,youtube,scholarship,12.0,FALSE,,,0.0,1
L-00698,2026-05-03,22.0,1,Masters,11.7,4.05,8,1,64.0,0.0,Mobile,friend,paid,6.0,TRUE,84.0,duplicate?  check,1.0,0
L-00939,2026-06-21,15.0,3,High School,13.8,1.26,4,2,37.1,1.0,Mobile,instagram,free,12.0,N,,,0.0,1
L-01207,2026-01-26,19.0,1,Bachelors,1.0,2.06,3,0,33.0,0.0,Mobile,other,paid,12.0,FALSE,,,0.0,1
L-01850,2026-03-21,17.0,1,High School,11.1,3.49,5,3,31.9,1.0,Laptop,school_partner,free,12.0,FALSE,,,0.0,1
L-01357,2026-01-01,17.0,1,Masters,1.6,3.13,3,6,70.5,1.0,Mobile,ngo_outreach,free,12.0,0,,duplicate?  check,0.0,1
L-00382,2026-04-11,24.0,1,High School,12.2,2.83,8,1,62.2,1.0,Mobile,ngo_outreach,free,11.0,1,73.5,,1.0,0
L-01717,2026-04-07,23.0,2,Diploma,3.3,3.13,5,2,56.4,0.0,Desktop,instagram,scholarship,14.0,N,,follow up next intake,0.0,0
L-00572,2026-04-28,19.0,Unknown,Bachelors,10.5,3.0,9,6,57.6,0.0,Mobile,instagram,free,12.0,No,,called on phone,0.0,1
L-01062,2026-02-09,22.0,2,High School,11.3,5.66,5,6,65.4,0.0,Mobile,instagram,free,5.0,N,,called on phone,0.0,0
L-01602,2026-06-10,20.0,3,High School,1.0,4.12,5,2,58.8,0.0,Mobile,youtube,free,20.0,0,,requested extension,0.0,0
L-00162,2026-01-20,20.0,1,Bachelors,15.4,3.37,3,1,100.0,1.0,Tablet,instagram,scholarship,12.0,0,,-,0.0,1
L-00141,2026-06-23,25.0,2,Bachelors,3.3,3.22,1,1,14.7,0.0,Mobile,instagram,paid,12.0,no,88.6,asked about certificate,1.0,1
L-00813,2026-03-09,22.0,1,High School,6.5,4.05,4,2,79.1,0.0,Mobile,other,paid,18.0,yes,63.0,duplicate?  check,1.0,0
L-01660,2026-06-19,19.0,1,High School,9.7,3.39,4,4,65.6,1.0,Mobile,youtube,paid,18.0,No,78.9,called on phone,1.0,0
L-01709,2026-02-07,24.0,1,Diploma,6.8,4.41,2,1,75.3,1.0,Mobile,school_partner,scholarship,14.0,No,,,0.0,0
L-01048,2026-02-20,20.0,2,High School,10.3,3.79,4,10,56.6,1.0,Laptop,school_partner,free,17.0,No,,follow up next intake,0.0,0
L-00350,2026-02-27,20.0,1,High School,8.2,3.68,3,1,45.5,1.0,Mobile,instagram,free,10.0,no,,duplicate?  check,0.0,0
L-01466,2026-02-18,22.0,3,Diploma,7.9,2.83,1,3,7.7,0.0,Desktop,school_partner,scholarship,12.0,0,,,0.0,1
L-01093,2026-06-15,26.0,3,Masters,7.2,5.75,3,3,37.9,0.0,Mobile,instagram,free,5.0,0,36.1,,0.0,0
L-00527,2026-03-21,23.0,1,Other,10.1,3.79,2,1,27.7,0.0,Mobile,ngo_outreach,scholarship,9.0,FALSE,,-,0.0,0
L-01903,2026-01-26,25.0,1,Bachelors,11.1,3.0,5,4,55.2,1.0,Mobile,friend,free,12.0,Yes,75.2,,1.0,1
L-01202,2026-03-05,23.0,3,High School,18.4,3.06,5,7,68.2,0.0,Laptop,friend,scholarship,10.0,Yes,98.0,,1.0,0
L-00229,2026-03-23,15.0,1,Unknown,9.9,5.29,7,3,37.6,0.0,Laptop,instagram,free,2.0,yes,67.3,follow up next intake,1.0,0
L-00101,2026-01-03,21.0,2,Other,10.4,4.18,7,4,58.5,0.0,Laptop,school_partner,free,12.0,Yes,64.5,,1.0,1
L-00283,2026-04-20,18.0,3,Bachelors,4.2,0.84,2,3,40.5,1.0,Mobile,school_partner,scholarship,12.0,1,70.8,called on phone,1.0,1
L-02200,2026-05-28,21.0,2,High School,1.0,0.0,0,1,9.5,1.0,Mobile,school_partner,free,12.0,No,,duplicate?  check,0.0,1
L-02666,2026-03-25,16.0,2,Bachelors,7.1,4.35,5,7,74.7,0.0,Laptop,friend,free,12.0,Y,64.9,-,1.0,0
L-01198,2026-02-16,25.0,3,Unknown,10.3,5.59,3,3,68.5,1.0,Mobile,school_partner,free,4.0,N,,,0.0,0
L-00581,2026-06-04,23.0,2,High School,15.2,0.78,3,3,18.7,0.0,Tablet,school_partner,free,12.0,FALSE,,,0.0,1
L-01928,2026-02-05,19.0,2,Bachelors,1.0,2.85,0,2,45.5,1.0,Desktop,instagram,paid,12.0,Yes,88.0,,1.0,1
L-01319,2026-06-06,23.0,1,High School,2.3,2.25,2,2,67.6,0.0,Mobile,youtube,free,3.0,No,,-,0.0,0
L-02185,2026-04-11,19.0,1,High School,7.3,1.3,5,2,30.0,0.0,Desktop,other,scholarship,12.0,no,,follow up next intake,0.0,1
L-02033,2026-02-28,20.0,3,Diploma,7.1,1.49,1,7,45.1,0.0,Laptop,instagram,scholarship,12.0,no,51.1,asked about certificate,0.0,1
L-00989,2026-02-07,18.0,1,Diploma,8.0,3.17,4,1,34.9,1.0,Laptop,friend,scholarship,19.0,yes,58.7,,1.0,0
L-01412,2026-02-01,22.0,2,Other,3.4,2.42,5,1,65.0,1.0,Mobile,school_partner,paid,1.0,1,80.0,requested extension,1.0,0
L-00821,2026-05-15,20.0,2,Diploma,7.0,4.92,2,2,73.0,1.0,Mobile,youtube,scholarship,2.0,Yes,97.6,,1.0,0
L-00904,2026-02-14,18.0,2,Bachelors,9.0,1.48,6,1,45.5,0.0,Mobile,friend,scholarship,1.0,Y,85.7,duplicate?  check,1.0,0
L-01489,2026-01-08,15.0,3,Bachelors,7.6,2.81,2,1,50.3,0.0,Laptop,school_partner,scholarship,12.0,N,49.2,,0.0,1
L-01834,2026-05-18,21.0,3,Bachelors,1.3,3.13,5,8,69.7,0.0,Laptop,friend,scholarship,19.0,yes,78.9,,1.0,0
L-00684,2026-02-08,21.0,2,Bachelors,1.0,2.61,3,1,46.5,0.0,Mobile,ngo_outreach,free,12.0,FALSE,,,0.0,1
L-00523,2026-03-07,25.0,2,High School,2.2,2.52,3,2,35.6,0.0,Laptop,instagram,paid,10.0,Y,75.0,requested extension,1.0,0
L-01307,2026-04-27,26.0,1,Diploma,7.3,1.83,2,3,41.5,-1.0,Tablet,youtube,scholarship,9.0,FALSE,,,0.0,0
L-02315,2026-03-22,17.0,1,Diploma,5.9,3.11,7,3,45.5,0.0,Mobile,instagram,paid,14.0,yes,73.5,called on phone,1.0,0
L-02156,2026-02-15,22.0,1,High School,9.4,1.08,3,6,40.4,0.0,Desktop,school_partner,paid,2.0,Y,80.2,duplicate?  check,1.0,0
L-00280,2026-04-03,22.0,2,Other,7.0,3.13,3,5,43.4,1.0,Laptop,instagram,scholarship,11.0,0,,called on phone,0.0,0
L-00466,2026-02-21,16.0,3,Diploma,7.1,1.28,0,1,57.5,0.0,Mobile,youtube,free,21.0,N,,asked about certificate,0.0,0
L-02767,2026-04-04,15.0,2,Bachelors,9.6,5.26,6,5,53.3,0.0,Mobile,youtube,free,18.0,No,,called on phone,0.0,0
L-02664,2026-04-27,23.0,2,High School,6.5,1.06,3,2,20.9,0.0,Laptop,instagram,paid,20.0,0,,requested extension,0.0,0
L-01477,2026-02-17,22.0,2,High School,8.7,4.38,3,8,62.9,1.0,Mobile,instagram,scholarship,8.0,N,,,0.0,0
L-00526,2026-04-23,16.0,2,Bachelors,9.2,6.37,5,7,74.4,0.0,Desktop,school_partner,paid,10.0,TRUE,72.7,-,1.0,0
L-00512,2026-05-20,20.0,2,Diploma,7.9,3.2,7,1,85.5,0.0,Mobile,ngo_outreach,scholarship,12.0,Y,77.0,asked about certificate,1.0,0
L-00484,2026-02-13,19.0,1,High School,12.5,0.95,1,5,0.0,0.0,Mobile,friend,free,12.0,no,,,0.0,1
L-01640,2026-02-23,17.0,2,High School,10.0,2.83,4,9,77.3,1.0,Laptop,school_partner,free,12.0,Yes,76.6,-,1.0,1
L-01565,2026-01-09,22.0,3,Diploma,4.3,3.98,0,2,45.5,0.0,Mobile,instagram,paid,9.0,0,,,0.0,0
L-01306,2026-01-06,23.0,2,High School,4.8,4.63,5,11,70.9,0.0,Laptop,youtube,scholarship,19.0,Yes,73.9,asked about certificate,1.0,0
L-02692,2026-04-01,27.0,1,Bachelors,6.9,2.94,6,0,74.8,-1.0,Tablet,youtube,paid,1.0,TRUE,79.5,,1.0,0
L-02521,2026-03-15,22.0,1,Other,3.3,3.31,5,4,42.0,0.0,Laptop,school_partner,paid,12.0,1,71.0,follow up next intake,1.0,1
L-02465,2026-02-23,23.0,2,Diploma,10.1,4.59,8,7,54.7,0.0,Mobile,instagram,scholarship,4.0,TRUE,74.7,asked about certificate,1.0,0
L-02166,2026-01-16,15.0,2,Bachelors,3.4,1.6,0,3,17.6,0.0,Laptop,school_partner,scholarship,12.0,N,39.4,,0.0,1
L-02561,2026-05-25,19.0,2,High School,1.0,0.71,3,4,53.6,0.0,Laptop,friend,paid,12.0,No,,requested extension,0.0,1
L-01701,2026-03-15,17.0,2,Diploma,9.0,1.5,5,8,75.2,0.0,Mobile,ngo_outreach,scholarship,3.0,yes,69.9,,1.0,0
L-00093,2026-03-03,17.0,2,Bachelors,5.7,3.17,7,9,65.5,1.0,Mobile,instagram,scholarship,2.0,Y,85.9,,1.0,0
L-01897,2026-05-02,21.0,3,High School,12.2,3.38,3,0,24.8,0.0,Mobile,school_partner,free,19.0,No,,,0.0,0
L-02754,2026-05-12,15.0,Unknown,Diploma,12.6,3.27,5,5,64.0,0.0,Mobile,school_partner,scholarship,12.0,Yes,77.3,requested extension,1.0,0
L-00992,2026-05-15,18.0,1,Bachelors,14.0,2.49,0,4,26.0,0.0,Laptop,instagram,free,12.0,FALSE,,duplicate?  check,0.0,1
L-00693,2026-05-26,27.0,1,Diploma,3.1,3.13,4,9,48.9,-1.0,Mobile,friend,scholarship,17.0,FALSE,,-,0.0,0
L-02710,2026-01-26,15.0,2,Diploma,6.5,3.32,5,5,87.7,1.0,Laptop,youtube,scholarship,5.0,Y,61.5,-,1.0,0
L-00549,2026-03-19,15.0,2,Bachelors,7.5,3.36,3,2,45.5,1.0,Laptop,instagram,free,12.0,1,71.2,called on phone,1.0,1
L-00980,2026-01-23,21.0,1,Bachelors,5.5,1.64,0,2,26.3,1.0,Desktop,instagram,scholarship,12.0,0,,-,0.0,1
L-00491,2026-02-13,15.0,3,High School,10.7,5.25,9,9,57.5,0.0,Mobile,ngo_outreach,scholarship,12.0,Yes,83.5,asked about certificate,1.0,0
L-02776,2026-04-12,19.0,3,Bachelors,7.6,4.28,1,4,29.5,0.0,Mobile,school_partner,scholarship,12.0,No,,requested extension,0.0,1
L-00012,2026-01-17,21.0,2,High School,3.6,1.52,6,3,60.2,0.0,Mobile,instagram,scholarship,2.0,yes,81.3,duplicate?  check,1.0,0
L-02682,2026-05-08,15.0,3,Diploma,7.1,1.5,1,1,50.8,1.0,Mobile,instagram,paid,20.0,no,61.0,,0.0,0
L-01415,2026-02-22,18.0,2,Diploma,10.5,3.82,6,5,39.9,0.0,Mobile,school_partner,paid,13.0,TRUE,80.5,,1.0,0
L-00629,2026-02-28,25.0,3,High School,2.6,3.51,2,1,31.3,0.0,Mobile,instagram,paid,15.0,no,,,0.0,0
L-01637,2026-03-19,17.0,2,Other,3.3,2.61,1,3,45.5,0.0,Mobile,friend,free,12.0,N,,,0.0,1
L-00230,2026-04-18,19.0,2,High School,9.3,3.17,0,3,31.3,1.0,Mobile,friend,paid,13.0,1,88.5,,1.0,0
L-01040,2026-04-04,15.0,3,Bachelors,9.4,5.41,5,2,97.5,0.0,Mobile,friend,free,9.0,No,,follow up next intake,0.0,0
L-02203,2026-02-06,20.0,1,Bachelors,2.5,6.8,6,4,45.3,1.0,Laptop,ngo_outreach,scholarship,15.0,1,74.1,,1.0,0
L-00610,2026-06-23,16.0,2,Unknown,8.4,2.5,4,3,10.5,0.0,Laptop,friend,paid,16.0,N,,,0.0,0
L-00655,2026-02-03,29.0,3,Diploma,3.7,3.9,2,1,26.9,0.0,Laptop,ngo_outreach,paid,12.0,0,,-,0.0,1
L-01624,2026-06-26,25.0,3,Bachelors,3.4,0.0,4,2,33.6,0.0,Mobile,friend,free,12.0,FALSE,,,0.0,1
L-00389,2026-04-18,20.0,2,High School,3.0,2.41,1,3,27.6,1.0,Mobile,school_partner,free,12.0,N,,,0.0,1
L-00612,2026-04-03,24.0,3,High School,10.1,4.26,3,3,48.7,0.0,Mobile,friend,free,1.0,TRUE,71.6,,1.0,0
L-00211,2026-03-09,15.0,1,High School,12.8,5.1,4,5,80.9,1.0,Mobile,youtube,free,6.0,0,44.2,called on phone,0.0,0
L-01206,2026-06-19,30.0,Unknown,High School,9.4,3.0,2,4,31.4,0.0,Mobile,friend,free,19.0,0,,asked about certificate,0.0,0
L-02525,2026-03-03,21.0,3,Unknown,1.1,0.29,1,3,0.0,1.0,Desktop,ngo_outreach,free,12.0,0,,-,0.0,1
L-02085,2026-02-20,24.0,2,High School,10.7,3.86,3,1,54.9,0.0,Laptop,friend,free,12.0,0,,,0.0,1
L-01756,2026-02-02,22.0,1,Diploma,7.9,3.91,0,2,37.5,1.0,Mobile,school_partner,free,12.0,FALSE,,called on phone,0.0,1
L-01859,2026-05-20,21.0,2,Unknown,7.1,4.49,6,11,60.8,0.0,Mobile,instagram,scholarship,4.0,Y,81.0,duplicate?  check,1.0,0
L-02139,2026-03-24,22.0,2,High School,13.1,5.06,7,1,75.9,1.0,Mobile,instagram,free,10.0,1,80.8,,1.0,0
L-01223,2026-04-02,15.0,2,Bachelors,7.8,3.18,5,1,27.5,0.0,Mobile,other,paid,20.0,N,,,0.0,0
L-02725,2026-01-14,20.0,2,Masters,9.5,2.82,3,3,51.3,0.0,Mobile,school_partner,scholarship,19.0,N,,,0.0,0
L-00239,2026-04-25,25.0,1,Diploma,10.0,3.42,5,0,37.8,1.0,Mobile,other,free,8.0,yes,74.5,-,1.0,0
L-02737,2026-02-05,21.0,3,Bachelors,13.1,3.89,3,2,30.2,1.0,Mobile,school_partner,scholarship,2.0,No,,,0.0,0
L-00022,2026-01-20,19.0,2,Other,5.0,6.52,0,7,41.4,0.0,Desktop,instagram,free,12.0,No,,duplicate?  check,0.0,0
L-02262,2026-04-15,15.0,3,Diploma,11.0,2.94,3,4,24.1,0.0,Laptop,instagram,scholarship,21.0,0,,follow up next intake,0.0,0
L-02282,2026-03-18,19.0,2,Diploma,9.4,2.86,2,5,86.1,0.0,Laptop,school_partner,scholarship,12.0,TRUE,85.3,follow up next intake,1.0,1
L-02758,2026-01-27,21.0,2,High School,7.9,4.12,5,11,74.9,0.0,Mobile,school_partner,scholarship,19.0,N,,-,0.0,0
L-00201,2026-02-18,20.0,Unknown,Diploma,7.2,2.63,6,8,45.5,1.0,Laptop,instagram,paid,11.0,yes,75.6,follow up next intake,1.0,0
L-02555,2026-02-05,24.0,3,Other,4.2,0.54,3,5,18.0,0.0,Mobile,instagram,paid,12.0,TRUE,,,0.0,1
L-00997,2026-03-07,22.0,1,High School,5.7,2.48,5,6,34.2,0.0,Desktop,instagram,paid,16.0,N,,,0.0,0
L-00546,2026-06-25,26.0,2,High School,5.2,3.31,1,5,13.3,1.0,Laptop,youtube,scholarship,2.0,yes,72.3,,1.0,0
L-00277,2026-03-07,26.0,1,Bachelors,11.7,3.87,4,6,51.6,1.0,Laptop,school_partner,free,3.0,FALSE,,,0.0,0
L-00929,2026-03-10,17.0,2,High School,7.1,0.42,1,2,2.1,0.0,Mobile,friend,paid,9.0,0,,requested extension,0.0,0
L-01054,2026-01-05,17.0,2,Bachelors,5.0,3.88,4,4,52.3,0.0,Mobile,school_partner,free,12.0,0,,,0.0,1
L-02277,2026-02-26,21.0,2,High School,9.3,4.35,2,4,57.0,0.0,Laptop,other,paid,17.0,FALSE,,,0.0,0
L-00018,2026-05-26,19.0,3,High School,4.4,2.77,5,6,87.4,1.0,Mobile,ngo_outreach,free,17.0,FALSE,,,0.0,0
L-00913,2026-05-07,26.0,1,Bachelors,5.6,4.2,1,2,43.3,0.0,Laptop,school_partner,free,12.0,0,,follow up next intake,0.0,1
L-00346,2026-02-02,22.0,1,Bachelors,11.2,1.67,2,1,32.8,1.0,Mobile,instagram,free,14.0,FALSE,,requested extension,0.0,0
L-00765,2026-02-02,23.0,2,Diploma,5.2,1.15,6,0,60.1,0.0,Mobile,school_partner,free,12.0,N,,requested extension,0.0,1
L-01571,2026-03-24,18.0,3,High School,7.0,5.28,7,8,70.7,0.0,Mobile,school_partner,free,8.0,No,80.1,,1.0,0
L-01630,2026-02-23,27.0,2,Bachelors,5.6,0.0,0,4,26.3,0.0,Laptop,other,scholarship,12.0,N,47.8,called on phone,0.0,1
L-01343,2026-05-03,19.0,3,Diploma,8.7,3.54,6,2,72.6,0.0,Laptop,school_partner,scholarship,4.0,TRUE,76.3,duplicate?  check,1.0,0
L-01164,2026-06-12,16.0,3,Bachelors,4.2,1.64,0,1,45.5,1.0,Mobile,school_partner,paid,12.0,0,,,0.0,1
L-01564,2026-06-22,22.0,2,High School,11.5,1.73,8,1,69.0,0.0,Laptop,instagram,free,21.0,No,47.4,-,0.0,0
L-01270,2026-06-15,20.0,1,Bachelors,7.1,1.35,2,4,12.5,0.0,Laptop,youtube,free,10.0,0,,requested extension,0.0,0
L-01232,2026-05-18,22.0,2,High School,11.3,0.0,1,1,0.0,0.0,Mobile,friend,scholarship,14.0,No,,,0.0,0
L-02159,2026-01-26,16.0,3,Bachelors,7.1,0.41,2,5,27.5,1.0,Laptop,ngo_outreach,free,12.0,FALSE,,,0.0,1
L-01162,2026-06-27,22.0,2,Bachelors,11.7,4.36,8,2,89.0,1.0,Desktop,school_partner,free,16.0,yes,70.5,called on phone,1.0,0
L-00355,2026-02-02,21.0,1,Diploma,8.5,4.47,3,4,19.3,0.0,Mobile,school_partner,free,17.0,0,,,0.0,0
L-01244,2026-02-17,19.0,Unknown,Bachelors,4.6,1.3,3,5,52.5,0.0,Mobile,friend,free,12.0,N,,called on phone,0.0,1
L-00420,2026-03-18,23.0,2,Bachelors,7.7,3.85,5,6,33.0,-1.0,Mobile,youtube,free,14.0,Y,83.1,,1.0,0
L-02261,2026-01-22,26.0,1,Diploma,5.1,2.95,4,3,31.5,0.0,Laptop,youtube,scholarship,12.0,yes,81.5,,1.0,1
L-01857,2026-05-19,17.0,2,Diploma,9.9,5.36,8,0,89.6,0.0,Laptop,friend,free,7.0,1,88.9,,1.0,0
L-02575,2026-01-25,21.0,1,High School,12.9,0.35,4,2,11.6,0.0,Laptop,ngo_outreach,scholarship,12.0,no,,,0.0,1
L-00102,2026-05-07,26.0,1,Bachelors,4.1,1.84,4,1,59.0,1.0,Laptop,ngo_outreach,paid,12.0,no,50.9,requested extension,0.0,1
L-00061,2026-06-17,27.0,1,Masters,5.3,2.62,0,4,49.3,1.0,Laptop,youtube,free,18.0,FALSE,,,0.0,0
L-01100,2026-05-05,22.0,2,Bachelors,4.9,3.42,7,5,32.1,0.0,Tablet,ngo_outreach,free,13.0,no,,-,0.0,0
L-01896,2026-06-15,27.0,3,Diploma,5.1,3.13,5,5,60.6,1.0,Laptop,school_partner,scholarship,12.0,TRUE,84.0,-,1.0,1
L-01676,2026-06-21,23.0,1,Diploma,5.1,3.42,4,13,79.2,1.0,Laptop,instagram,free,14.0,Yes,85.2,asked about certificate,1.0,0
L-00434,2026-06-02,27.0,2,Bachelors,9.7,3.16,7,4,59.1,1.0,Mobile,school_partner,free,17.0,yes,62.2,-,1.0,0
L-00620,2026-06-11,22.0,3,High School,10.1,2.35,2,2,71.2,0.0,Mobile,instagram,free,12.0,no,,called on phone,0.0,1
L-01185,2026-01-17,21.0,3,Bachelors,4.6,2.9,0,4,26.9,1.0,Mobile,school_partner,scholarship,12.0,No,,-,0.0,1
L-00168,2026-02-04,19.0,3,Bachelors,5.6,4.56,4,3,71.8,0.0,Laptop,youtube,scholarship,16.0,TRUE,58.5,follow up next intake,1.0,0
L-01911,2026-01-24,22.0,1,Bachelors,7.7,4.76,5,1,55.8,0.0,Mobile,instagram,free,12.0,0,49.4,,0.0,1
L-00647,2026-05-19,23.0,3,High School,2.0,1.42,1,5,26.8,0.0,Desktop,school_partner,free,12.0,FALSE,,-,0.0,1
L-00428,2026-05-27,15.0,3,Diploma,8.1,2.66,3,4,42.6,0.0,Mobile,instagram,free,12.0,N,,,0.0,1
L-01534,2026-01-06,25.0,2,Bachelors,5.7,0.99,2,2,30.3,0.0,Mobile,friend,scholarship,12.0,no,,follow up next intake,0.0,0
L-01085,2026-05-17,24.0,1,Diploma,10.7,3.45,5,7,63.0,0.0,Laptop,instagram,free,12.0,TRUE,76.4,-,1.0,1
L-00675,2026-01-01,22.0,2,High School,7.5,4.75,7,4,81.8,-1.0,Laptop,friend,free,3.0,Yes,79.8,called on phone,1.0,0
L-00736,2026-02-12,25.0,1,High School,1.0,2.79,0,3,27.0,0.0,Mobile,youtube,free,12.0,TRUE,62.8,,1.0,1
L-01181,2026-06-11,20.0,2,Unknown,12.4,4.42,4,5,26.4,1.0,Mobile,youtube,scholarship,12.0,Yes,82.1,,1.0,1
L-01889,2026-01-23,17.0,2,Diploma,8.1,4.92,6,5,45.5,0.0,Desktop,ngo_outreach,free,10.0,Yes,75.5,follow up next intake,1.0,0
L-01767,2026-01-14,18.0,3,Bachelors,6.3,3.86,6,4,58.5,0.0,Mobile,instagram,paid,12.0,No,,called on phone,0.0,0
L-01947,2026-03-19,23.0,2,High School,6.9,4.05,7,5,100.0,0.0,Laptop,instagram,scholarship,11.0,0,,requested extension,0.0,0
L-01940,2026-06-11,16.0,3,Masters,9.5,3.11,0,6,12.9,1.0,Desktop,friend,paid,18.0,N,,,0.0,0
L-02287,2026-03-11,24.0,2,Bachelors,7.1,3.05,0,0,45.5,0.0,Mobile,youtube,paid,12.0,N,,,0.0,1
L-01813,2026-05-21,28.0,1,Diploma,4.1,2.17,5,2,16.7,0.0,Mobile,instagram,free,12.0,FALSE,,-,0.0,1
L-00288,2026-03-23,18.0,3,Bachelors,4.5,4.07,5,2,67.2,0.0,Laptop,other,free,12.0,0,,,0.0,0
L-00490,2026-03-08,21.0,3,Diploma,8.6,0.92,1,3,61.0,0.0,Mobile,youtube,paid,12.0,no,41.4,,0.0,1
L-00336,2026-02-11,20.0,2,Diploma,1.0,3.55,3,1,64.6,0.0,Tablet,youtube,scholarship,12.0,FALSE,78.0,called on phone,1.0,1
L-01710,2026-01-12,17.0,2,Unknown,10.7,2.12,4,10,29.4,0.0,Desktop,school_partner,scholarship,6.0,FALSE,,,0.0,0
L-02301,2026-01-13,27.0,2,Bachelors,1.0,5.13,5,7,50.8,0.0,Mobile,other,paid,12.0,0,,,0.0,0
L-02797,2026-04-04,17.0,3,High School,7.0,3.46,4,3,48.6,1.0,Tablet,other,paid,19.0,0,,,0.0,0
L-01786,2026-06-23,27.0,2,Masters,10.1,5.26,4,4,86.2,0.0,Desktop,instagram,paid,5.0,1,69.9,called on phone,1.0,0
L-02474,2026-06-07,26.0,1,Masters,6.2,3.53,5,9,98.8,0.0,Laptop,ngo_outreach,free,12.0,Yes,77.2,duplicate?  check,1.0,1
L-00131,2026-01-16,15.0,1,Bachelors,1.0,3.99,3,1,47.2,1.0,Mobile,friend,paid,12.0,Yes,86.9,,1.0,0
L-02224,2026-01-09,15.0,3,Diploma,5.5,2.36,4,1,58.7,1.0,Mobile,friend,free,12.0,0,,duplicate?  check,0.0,1
L-00621,2026-01-09,23.0,2,Bachelors,1.1,2.0,1,6,12.0,1.0,Laptop,instagram,free,15.0,No,,-,0.0,0
L-00305,2026-06-13,18.0,2,Bachelors,13.1,6.3,6,5,53.1,0.0,Mobile,youtube,free,10.0,0,,follow up next intake,0.0,0
L-02446,2026-04-15,22.0,1,High School,13.2,3.13,4,1,68.1,0.0,Tablet,instagram,free,15.0,N,,,0.0,0
L-02015,2026-01-13,29.0,3,Diploma,10.9,4.29,5,6,53.9,0.0,Mobile,friend,free,12.0,No,,asked about certificate,0.0,1
L-00568,2026-02-21,19.0,1,Diploma,5.7,3.32,3,8,38.2,1.0,Tablet,ngo_outreach,scholarship,12.0,no,,,0.0,1
L-01983,2026-04-23,21.0,2,High School,7.0,0.87,1,1,48.3,0.0,Laptop,school_partner,free,12.0,No,,,0.0,1
L-00641,2026-05-09,21.0,1,Bachelors,10.7,2.59,0,3,45.5,-1.0,Laptop,school_partner,free,12.0,FALSE,,,0.0,1
L-00481,2026-02-27,21.0,1,High School,5.8,2.17,0,4,1.9,1.0,Mobile,ngo_outreach,paid,12.0,FALSE,,requested extension,0.0,1
L-02293,2026-06-10,16.0,2,High School,4.0,0.98,4,5,67.0,0.0,Mobile,school_partner,free,18.0,Y,84.0,,1.0,0
L-01197,2026-04-12,23.0,1,Bachelors,3.7,2.63,4,2,25.0,1.0,Desktop,school_partner,free,19.0,no,,asked about certificate,0.0,0
L-01777,2026-02-22,18.0,2,Diploma,11.6,3.22,8,0,86.4,0.0,Laptop,instagram,free,15.0,FALSE,,,0.0,0
L-00210,2026-03-19,25.0,1,Bachelors,6.1,0.55,1,1,50.9,1.0,Mobile,instagram,free,17.0,FALSE,38.2,duplicate?  check,0.0,0
L-00762,2026-06-05,21.0,2,Diploma,11.6,2.18,2,6,45.5,1.0,Tablet,friend,scholarship,12.0,No,29.0,,0.0,1
L-00848,2026-03-27,18.0,2,High School,11.1,3.51,4,0,77.7,0.0,Mobile,instagram,scholarship,20.0,TRUE,56.3,,1.0,0
L-01338,2026-05-16,29.0,3,Bachelors,1.0,2.14,2,1,5.8,0.0,Mobile,friend,paid,12.0,0,,asked about certificate,0.0,0
L-01773,2026-03-07,17.0,2,Bachelors,6.7,1.69,0,6,27.5,0.0,Mobile,other,scholarship,12.0,no,,,0.0,1
L-01190,2026-03-24,25.0,3,High School,7.8,3.46,1,4,36.5,0.0,Mobile,friend,scholarship,6.0,no,,asked about certificate,0.0,0
L-01010,2026-03-28,15.0,3,Diploma,2.5,4.84,6,6,25.7,1.0,Desktop,instagram,free,12.0,0,,duplicate?  check,0.0,1
L-02565,2026-05-08,21.0,3,High School,11.6,5.11,9,5,46.2,0.0,Mobile,school_partner,paid,4.0,Yes,72.0,,1.0,0
L-01056,2026-04-15,21.0,1,Bachelors,11.2,1.5,0,0,21.8,1.0,Laptop,youtube,free,20.0,0,,asked about certificate,0.0,0
L-00191,2026-03-16,20.0,2,Bachelors,4.4,0.4,0,1,45.5,1.0,Laptop,friend,scholarship,21.0,no,,,0.0,0
L-00575,2026-03-16,24.0,2,Diploma,7.1,1.08,0,4,25.2,0.0,Mobile,school_partner,scholarship,14.0,no,54.5,,0.0,0
L-00043,2026-02-21,15.0,2,Diploma,12.9,3.35,8,7,78.6,1.0,Mobile,ngo_outreach,scholarship,9.0,TRUE,94.6,,1.0,0
L-01333,2026-01-21,20.0,2,Bachelors,11.6,3.43,1,7,22.2,1.0,Mobile,instagram,scholarship,21.0,No,42.2,asked about certificate,0.0,0
L-00430,2026-06-02,17.0,1,Bachelors,3.1,3.13,0,4,35.1,-1.0,Desktop,instagram,scholarship,12.0,No,,called on phone,0.0,1
L-00126,2026-04-11,24.0,2,Diploma,6.8,1.7,3,5,52.4,0.0,Mobile,youtube,paid,14.0,no,,called on phone,0.0,0
L-01615,2026-02-16,21.0,2,Diploma,5.9,1.98,6,0,64.2,0.0,Laptop,friend,free,12.0,FALSE,,called on phone,0.0,0
L-01572,2026-06-23,21.0,3,Bachelors,8.8,3.79,2,3,49.4,0.0,Mobile,school_partner,scholarship,12.0,N,,,0.0,1
L-01779,2026-04-09,22.0,1,High School,4.4,4.89,6,7,48.8,1.0,Mobile,youtube,paid,11.0,Yes,89.4,asked about certificate,1.0,0
L-02495,2026-02-04,29.0,1,High School,10.2,3.25,6,2,31.9,1.0,Mobile,friend,free,5.0,yes,91.1,requested extension,1.0,0
L-02318,2026-05-26,23.0,3,Bachelors,2.9,0.0,0,6,30.8,0.0,Desktop,instagram,free,12.0,FALSE,,follow up next intake,0.0,1
L-00294,2026-01-18,23.0,1,Bachelors,12.6,2.17,0,2,54.6,1.0,Mobile,ngo_outreach,scholarship,12.0,No,40.3,follow up next intake,0.0,1
L-01044,2026-02-20,21.0,3,Diploma,4.9,3.3,9,5,45.5,1.0,Mobile,friend,paid,7.0,0,,asked about certificate,0.0,0
L-02188,2026-02-09,31.0,2,Diploma,11.2,1.89,2,1,20.5,0.0,Laptop,youtube,free,12.0,No,,requested extension,0.0,1
L-01191,2026-02-06,19.0,3,Masters,8.2,2.92,0,3,64.6,0.0,Tablet,school_partner,paid,12.0,Yes,80.1,requested extension,1.0,1
L-01705,2026-06-19,25.0,1,Diploma,2.9,0.52,3,3,10.5,1.0,Mobile,youtube,scholarship,10.0,No,,,0.0,0
L-00045,2026-02-06,22.0,2,Bachelors,7.3,5.67,6,7,83.1,1.0,Mobile,friend,free,19.0,Yes,67.9,,1.0,0
L-02775,2026-04-06,29.0,1,High School,11.9,2.85,2,0,10.8,1.0,Mobile,instagram,free,12.0,no,,asked about certificate,0.0,1
L-02563,2026-04-08,20.0,2,Bachelors,3.7,2.24,4,2,48.5,0.0,Laptop,friend,scholarship,15.0,FALSE,,,0.0,0
L-00199,2026-01-03,20.0,2,Bachelors,5.6,0.0,4,8,50.9,0.0,Mobile,youtube,scholarship,12.0,TRUE,90.9,,1.0,1
L-02300,2026-05-21,21.0,2,Masters,7.3,1.74,3,3,61.5,0.0,Laptop,instagram,free,12.0,0,,called on phone,0.0,1
L-00692,2026-06-19,19.0,2,High School,8.2,2.47,4,2,45.5,-1.0,Mobile,other,free,5.0,No,,,0.0,0
L-01573,2026-04-18,23.0,2,Diploma,8.3,2.74,3,2,100.0,1.0,Mobile,friend,scholarship,18.0,No,,requested extension,0.0,0
L-02360,2026-01-17,22.0,3,Unknown,7.1,2.07,3,1,9.7,0.0,Mobile,youtube,paid,12.0,FALSE,29.0,follow up next intake,0.0,1
L-01593,2026-06-05,25.0,3,Masters,4.4,1.01,2,1,46.8,1.0,Mobile,school_partner,paid,16.0,No,,-,0.0,0
L-01693,2026-05-16,19.0,1,Bachelors,6.5,3.28,6,9,36.5,1.0,Tablet,friend,free,13.0,no,,,0.0,0
L-00166,2026-06-13,21.0,1,Bachelors,1.0,2.94,4,3,62.5,1.0,Mobile,instagram,free,12.0,No,,,0.0,1
L-01125,2026-04-17,28.0,2,High School,15.5,5.14,4,2,48.5,0.0,Mobile,other,paid,6.0,No,,requested extension,0.0,0
L-02435,2026-06-04,22.0,1,Bachelors,1.9,2.25,4,2,34.9,1.0,Laptop,friend,free,14.0,No,,asked about certificate,0.0,0
L-01770,2026-02-23,15.0,1,Bachelors,6.5,0.92,4,4,11.8,1.0,Laptop,school_partner,scholarship,3.0,Y,62.4,requested extension,1.0,0
L-01603,2026-05-17,28.0,2,High School,10.4,5.18,6,1,93.9,1.0,Mobile,friend,free,2.0,Y,75.3,-,1.0,0
L-01694,2026-01-23,24.0,1,High School,10.0,4.77,8,3,82.4,0.0,Mobile,friend,paid,2.0,TRUE,78.1,asked about certificate,1.0,0
L-00560,2026-06-27,22.0,1,High School,7.1,4.14,5,3,45.1,0.0,Mobile,friend,free,4.0,Y,88.0,-,1.0,0
L-00454,2026-04-17,21.0,1,Unknown,6.0,3.55,7,4,52.8,0.0,Mobile,instagram,free,11.0,No,,,0.0,0
L-01557,2026-02-11,21.0,2,High School,8.0,3.13,0,2,22.4,1.0,Laptop,school_partner,free,12.0,no,,,0.0,1
L-01022,2026-02-25,16.0,1,Bachelors,11.9,3.2,5,1,77.9,1.0,Laptop,ngo_outreach,free,12.0,yes,83.9,asked about certificate,1.0,1
L-00543,2026-03-27,22.0,1,High School,8.4,6.31,3,3,65.7,0.0,Laptop,school_partner,free,6.0,FALSE,,requested extension,0.0,0
L-02720,2026-04-09,23.0,2,Diploma,3.7,2.89,3,4,75.9,0.0,Mobile,ngo_outreach,free,18.0,no,,,0.0,0
L-02524,2026-06-22,25.0,1,Masters,10.7,2.79,5,9,32.9,1.0,Laptop,ngo_outreach,paid,14.0,Y,71.0,asked about certificate,1.0,0
L-01952,2026-02-20,15.0,2,Diploma,3.5,4.32,5,2,24.3,1.0,Mobile,instagram,free,10.0,no,,,0.0,0
L-00870,2026-01-11,21.0,1,Diploma,8.9,2.55,7,2,92.1,0.0,Mobile,friend,paid,5.0,No,,,0.0,0
L-02386,2026-01-26,22.0,1,High School,8.6,2.43,7,6,60.2,1.0,Mobile,school_partner,paid,12.0,TRUE,81.7,,1.0,1
L-00937,2026-04-12,18.0,2,Diploma,12.6,3.27,3,2,26.6,0.0,Mobile,instagram,scholarship,21.0,FALSE,,asked about certificate,0.0,0
L-02332,2026-05-08,23.0,2,High School,5.7,3.97,8,5,65.9,0.0,Mobile,instagram,paid,18.0,Yes,82.6,follow up next intake,1.0,0
L-01260,2026-02-23,16.0,3,High School,5.8,4.97,2,2,44.1,0.0,Mobile,ngo_outreach,free,11.0,0,,,0.0,0
L-01541,2026-06-21,21.0,1,Bachelors,10.2,4.32,7,6,90.7,1.0,Laptop,friend,free,2.0,yes,87.7,follow up next intake,1.0,0
L-00500,2026-05-28,23.0,1,High School,6.2,1.71,2,1,61.9,0.0,Laptop,ngo_outreach,paid,19.0,1,85.6,duplicate?  check,1.0,0
L-00253,2026-06-04,15.0,3,Bachelors,5.3,2.72,5,6,25.0,0.0,Mobile,youtube,free,12.0,FALSE,,follow up next intake,0.0,1
L-00561,2026-05-05,25.0,1,Diploma,7.8,0.0,0,1,24.1,1.0,Laptop,school_partner,free,12.0,N,,,0.0,1
L-02768,2026-04-15,26.0,3,Bachelors,4.6,1.94,1,5,66.7,0.0,Mobile,school_partner,free,12.0,N,,requested extension,0.0,1
L-02172,2026-06-05,28.0,2,High School,7.0,3.94,6,1,45.5,1.0,Laptop,instagram,free,14.0,no,41.6,,0.0,0
L-00534,2026-04-05,22.0,1,Diploma,1.0,2.28,1,3,42.0,1.0,Mobile,friend,free,12.0,No,,follow up next intake,0.0,1
L-01681,2026-06-18,25.0,2,Bachelors,11.2,2.92,0,1,53.0,0.0,Laptop,friend,free,12.0,FALSE,,follow up next intake,0.0,1
L-00497,2026-05-02,28.0,Unknown,Bachelors,12.2,2.99,1,3,76.0,1.0,Laptop,youtube,free,4.0,No,,called on phone,0.0,0
L-00838,2026-06-03,22.0,1,Bachelors,9.6,3.13,5,4,80.1,1.0,Laptop,friend,free,12.0,No,51.6,duplicate?  check,0.0,1
L-01901,2026-01-18,21.0,1,Bachelors,5.9,2.08,8,3,39.9,1.0,Mobile,friend,scholarship,11.0,yes,70.7,,1.0,0
L-00522,2026-01-14,20.0,2,High School,1.9,0.31,2,1,0.0,1.0,Mobile,instagram,scholarship,12.0,0,,requested extension,0.0,1
L-01658,2026-03-22,17.0,Unknown,High School,7.6,3.68,6,7,49.6,0.0,Mobile,ngo_outreach,paid,12.0,yes,74.3,-,1.0,1
L-02240,2026-06-26,19.0,1,Bachelors,4.4,6.58,9,8,73.3,0.0,Mobile,instagram,scholarship,12.0,TRUE,75.3,,1.0,0
L-01065,2026-03-01,19.0,1,High School,6.2,3.76,5,1,53.9,1.0,Mobile,school_partner,free,9.0,0,37.1,,0.0,0
L-00150,2026-06-10,25.0,2,Diploma,2.3,4.97,6,7,77.9,1.0,Laptop,instagram,free,14.0,Y,86.2,requested extension,1.0,0
L-01672,2026-06-10,21.0,2,Bachelors,6.4,1.82,2,2,39.1,1.0,Mobile,friend,paid,12.0,N,,,0.0,1
L-01403,2026-03-24,20.0,2,High School,4.3,4.52,5,4,68.9,0.0,Laptop,friend,free,12.0,yes,75.6,,1.0,0
L-00279,2026-01-04,21.0,2,Masters,6.4,2.13,0,2,32.9,0.0,Desktop,school_partner,free,10.0,no,,requested extension,0.0,0
L-01302,2026-03-13,20.0,2,High School,1.7,3.37,8,1,32.3,0.0,Tablet,instagram,scholarship,10.0,Yes,71.6,,1.0,0
L-01053,2026-06-03,25.0,1,Diploma,10.8,2.93,3,3,78.2,0.0,Mobile,friend,paid,12.0,TRUE,78.1,follow up next intake,1.0,1
L-02562,2026-02-07,25.0,3,Diploma,6.4,2.76,2,1,31.2,1.0,Mobile,ngo_outreach,free,12.0,0,47.6,asked about certificate,0.0,1
L-00376,2026-02-16,25.0,2,Bachelors,7.1,3.42,6,1,31.7,1.0,Mobile,friend,paid,13.0,Y,78.4,asked about certificate,1.0,0
L-00255,2026-05-01,21.0,2,High School,4.1,5.09,2,3,42.7,0.0,Laptop,friend,paid,12.0,FALSE,,,0.0,1
L-01240,2026-03-12,18.0,2,Unknown,1.0,1.83,0,1,57.5,0.0,Mobile,school_partner,free,19.0,FALSE,,-,0.0,0
L-01311,2026-04-15,34.0,2,Bachelors,3.5,3.7,6,3,38.6,1.0,Mobile,ngo_outreach,free,12.0,no,62.0,,0.0,1
L-01281,2026-03-17,29.0,3,Bachelors,6.9,3.46,5,1,55.3,0.0,Desktop,school_partner,free,9.0,no,,duplicate?  check,0.0,0
L-00483,2026-06-13,19.0,1,Masters,4.3,1.51,0,2,0.0,0.0,Mobile,friend,paid,12.0,No,,duplicate?  check,0.0,1
L-01230,2026-05-15,21.0,2,Bachelors,12.2,1.34,1,1,100.0,0.0,Mobile,instagram,scholarship,14.0,no,,asked about certificate,0.0,0
L-00565,2026-02-21,19.0,2,Other,10.7,5.26,3,6,48.4,0.0,Mobile,instagram,scholarship,8.0,TRUE,68.8,,1.0,0
L-02388,2026-04-28,21.0,1,Bachelors,4.7,4.41,5,3,48.2,1.0,Mobile,friend,scholarship,1.0,TRUE,91.5,,1.0,0
L-02594,2026-05-06,20.0,2,High School,11.6,4.41,5,7,89.4,0.0,Tablet,ngo_outreach,free,9.0,No,,called on phone,0.0,0
L-00673,2026-01-08,23.0,2,Bachelors,7.1,0.82,1,1,47.8,0.0,Desktop,school_partner,free,4.0,No,,,0.0,0
L-01904,2026-04-20,21.0,3,Bachelors,2.5,4.54,4,2,33.8,0.0,Mobile,instagram,free,16.0,No,,,0.0,0
L-01126,2026-02-11,19.0,2,Masters,6.7,4.29,3,2,75.9,1.0,Mobile,instagram,scholarship,3.0,Yes,86.9,,1.0,0
L-02696,2026-05-06,24.0,1,High School,11.4,3.24,3,3,45.5,0.0,Mobile,youtube,free,16.0,FALSE,,,0.0,0
L-01955,2026-04-13,15.0,3,Bachelors,3.8,3.67,0,2,44.1,0.0,Laptop,school_partner,free,12.0,0,,duplicate?  check,0.0,1
L-01156,2026-04-14,22.0,3,High School,11.6,4.23,9,0,79.7,0.0,Laptop,friend,paid,15.0,Yes,78.4,,1.0,0
L-00967,2026-05-19,19.0,3,Bachelors,3.8,3.55,4,2,77.6,0.0,Desktop,instagram,paid,12.0,no,,,0.0,1
L-02102,2026-05-15,20.0,1,High School,10.4,3.5,3,1,48.2,0.0,Laptop,school_partner,free,12.0,yes,63.1,,1.0,1
L-01505,2026-02-13,21.0,1,High School,10.1,5.72,6,4,54.5,1.0,Mobile,instagram,free,10.0,0,56.9,,1.0,0
L-02017,2026-02-10,19.0,1,Diploma,5.0,3.38,5,0,45.3,0.0,Mobile,instagram,free,8.0,Y,64.2,,1.0,0
L-01774,2026-06-05,18.0,1,Unknown,8.1,3.44,2,7,35.6,1.0,Tablet,instagram,free,12.0,no,,duplicate?  check,0.0,1
L-00399,2026-01-12,23.0,3,High School,6.0,3.93,2,1,25.9,1.0,Desktop,youtube,paid,12.0,N,,follow up next intake,0.0,1
L-01047,2026-02-21,27.0,1,Bachelors,1.0,2.17,2,0,0.0,0.0,Desktop,other,free,12.0,No,,,0.0,1
L-02314,2026-04-02,20.0,2,Masters,10.3,3.83,5,3,0.7,0.0,Mobile,friend,free,11.0,FALSE,,,0.0,0
L-01765,2026-03-19,25.0,2,Bachelors,3.2,0.76,2,5,24.6,0.0,Desktop,instagram,free,12.0,N,,-,0.0,1
L-01320,2026-06-07,17.0,2,Bachelors,10.3,4.12,5,4,31.4,0.0,Mobile,school_partner,scholarship,4.0,yes,72.1,-,1.0,0
L-00243,2026-02-18,21.0,1,Diploma,8.1,3.77,7,1,71.5,1.0,Mobile,friend,scholarship,18.0,Y,86.3,requested extension,1.0,0
L-01807,2026-04-25,18.0,Unknown,Masters,13.4,3.99,3,1,23.0,0.0,Mobile,friend,paid,10.0,FALSE,,asked about certificate,0.0,0
L-02269,2026-06-08,20.0,1,Diploma,8.9,3.43,0,3,18.4,1.0,Desktop,ngo_outreach,free,12.0,N,,follow up next intake,0.0,1
L-01802,2026-04-13,21.0,2,Other,7.4,2.35,4,0,6.4,0.0,Mobile,youtube,free,12.0,no,,asked about certificate,0.0,1
L-01094,2026-05-15,22.0,1,High School,5.4,4.37,9,5,63.9,1.0,Laptop,friend,free,12.0,N,,requested extension,0.0,1
L-01456,2026-03-24,17.0,2,Masters,5.2,4.27,4,4,38.0,0.0,Mobile,school_partner,free,15.0,N,47.0,,0.0,0
L-00158,2026-02-06,15.0,3,Bachelors,10.0,1.73,1,2,100.0,1.0,Desktop,friend,paid,1.0,No,,,0.0,0
L-02350,2026-01-07,19.0,3,Bachelors,3.6,1.86,0,3,20.6,1.0,Laptop,instagram,paid,12.0,No,,,0.0,1
L-00300,2026-05-06,20.0,3,High School,8.1,3.88,6,0,87.5,0.0,Mobile,school_partner,scholarship,6.0,yes,78.3,,1.0,0
L-01455,2026-04-27,21.0,3,Masters,5.9,1.44,0,1,0.0,0.0,Laptop,school_partner,free,12.0,No,,,0.0,1
L-01795,2026-03-26,17.0,3,Unknown,8.5,2.93,2,3,15.4,0.0,Laptop,instagram,free,12.0,No,34.2,called on phone,0.0,1
L-00130,2026-01-07,15.0,2,Bachelors,4.3,3.13,3,5,50.6,1.0,Mobile,instagram,paid,12.0,FALSE,,requested extension,0.0,1
L-00330,2026-02-03,26.0,3,Bachelors,3.5,4.02,3,2,11.3,1.0,Laptop,friend,free,12.0,No,,asked about certificate,0.0,1
L-01536,2026-03-04,19.0,1,Bachelors,8.0,5.87,10,10,45.5,1.0,Mobile,instagram,free,5.0,yes,78.5,asked about certificate,1.0,0
L-01215,2026-06-09,21.0,2,High School,8.6,3.26,6,4,74.9,0.0,Laptop,youtube,scholarship,12.0,yes,79.6,asked about certificate,1.0,1
L-02610,2026-06-10,25.0,3,Bachelors,5.7,1.78,3,0,51.9,0.0,Laptop,friend,free,6.0,FALSE,,,0.0,0
L-00925,2026-06-10,25.0,3,High School,5.4,0.21,0,6,9.3,1.0,Laptop,school_partner,paid,18.0,1,69.1,-,1.0,0
L-02343,2026-06-09,15.0,3,Bachelors,9.2,3.86,3,1,15.7,0.0,Mobile,school_partner,free,8.0,0,48.8,,0.0,0
L-00054,2026-04-04,22.0,1,Unknown,4.3,3.23,2,2,22.1,1.0,Mobile,youtube,scholarship,20.0,FALSE,,,0.0,0
L-00083,2026-01-27,17.0,3,Other,3.0,2.52,2,5,13.6,0.0,Mobile,school_partner,free,12.0,0,,,0.0,1
L-00116,2026-02-26,27.0,2,Diploma,5.3,1.12,7,0,35.1,0.0,Laptop,instagram,scholarship,20.0,yes,64.4,,1.0,0
L-00670,2026-02-21,21.0,1,Bachelors,4.7,3.65,3,6,12.0,1.0,Desktop,instagram,scholarship,12.0,0,,,0.0,1
L-02650,2026-06-04,30.0,1,Bachelors,9.4,4.01,2,5,52.0,1.0,Laptop,instagram,scholarship,12.0,Y,77.4,called on phone,1.0,1
L-00284,2026-01-16,32.0,2,Diploma,9.1,1.58,2,6,47.2,0.0,Mobile,youtube,free,12.0,No,40.4,,0.0,1
L-02194,2026-02-01,24.0,2,High School,9.5,2.17,1,2,43.9,0.0,Mobile,instagram,paid,12.0,0,,asked about certificate,0.0,1
L-00372,2026-01-14,24.0,1,Bachelors,10.0,1.68,1,2,7.8,0.0,Desktop,friend,scholarship,8.0,FALSE,,,0.0,0
L-01266,2026-05-22,19.0,1,Diploma,9.2,4.18,7,2,69.6,1.0,Mobile,youtube,paid,14.0,Y,69.0,,1.0,0
L-00426,2026-05-17,20.0,2,Masters,7.5,1.24,4,5,27.0,1.0,Laptop,friend,paid,15.0,FALSE,,requested extension,0.0,0
L-01176,2026-02-15,21.0,1,Bachelors,3.2,4.08,5,3,66.9,0.0,Mobile,friend,scholarship,12.0,0,33.1,,0.0,1
L-02000,2026-01-18,24.0,2,Masters,13.6,4.08,3,5,75.6,0.0,Laptop,instagram,free,14.0,no,,,0.0,0
L-00478,2026-05-06,21.0,1,High School,7.9,0.88,2,3,16.6,0.0,Laptop,school_partner,free,21.0,Y,96.5,-,1.0,0
L-00653,2026-02-19,19.0,3,Bachelors,3.7,0.0,0,5,0.0,0.0,Mobile,youtube,free,12.0,no,,,0.0,1
L-01019,2026-05-11,24.0,2,Bachelors,6.8,3.47,2,2,40.1,0.0,Laptop,youtube,scholarship,17.0,FALSE,,follow up next intake,0.0,0
L-02145,2026-03-22,19.0,Unknown,Unknown,13.7,3.13,2,3,45.5,0.0,Laptop,youtube,paid,12.0,FALSE,,called on phone,0.0,1
L-00625,2026-03-12,17.0,2,High School,7.7,4.84,5,2,67.8,0.0,Tablet,instagram,free,7.0,yes,72.7,requested extension,1.0,0
L-01400,2026-04-08,19.0,3,High School,17.4,4.71,2,8,25.4,0.0,Desktop,instagram,free,15.0,TRUE,33.2,follow up next intake,0.0,0
L-01414,2026-04-25,21.0,1,Bachelors,12.9,3.13,7,13,45.5,1.0,Laptop,friend,free,7.0,yes,77.5,,1.0,0
L-00480,2026-02-01,20.0,1,Bachelors,9.0,1.9,3,1,100.0,0.0,Mobile,friend,paid,14.0,Y,69.0,follow up next intake,1.0,0
L-01324,2026-02-20,21.0,1,Diploma,14.3,2.6,6,1,100.0,1.0,Mobile,school_partner,free,12.0,Yes,68.4,follow up next intake,1.0,1
L-01611,2026-05-17,22.0,2,Other,7.0,2.96,3,1,45.5,0.0,Mobile,youtube,free,12.0,no,47.2,,0.0,1
L-02060,2026-05-07,21.0,1,High School,14.5,3.3,5,1,44.7,0.0,Mobile,school_partner,free,15.0,Yes,80.9,-,1.0,0
L-02464,2026-05-03,18.0,2,Masters,6.8,3.85,6,3,97.2,0.0,Mobile,ngo_outreach,paid,9.0,TRUE,60.3,follow up next intake,1.0,0
L-02416,2026-05-09,23.0,3,High School,10.3,3.54,2,4,70.7,0.0,Mobile,ngo_outreach,scholarship,0.0,No,,called on phone,0.0,0
L-00213,2026-03-27,15.0,3,Bachelors,8.0,2.05,6,6,28.8,0.0,Desktop,school_partner,free,12.0,N,,requested extension,0.0,1
L-02366,2026-01-02,16.0,3,Bachelors,12.2,3.88,3,1,60.6,0.0,Mobile,ngo_outreach,free,12.0,0,,,0.0,1
L-00542,2026-02-11,15.0,2,Diploma,3.9,3.51,6,2,94.1,1.0,Laptop,youtube,scholarship,12.0,1,72.0,asked about certificate,1.0,1
L-00780,2026-04-02,25.0,1,High School,10.0,3.13,4,1,60.9,1.0,Laptop,ngo_outreach,free,2.0,no,,follow up next intake,0.0,0
L-00832,2026-05-11,19.0,2,Diploma,5.4,4.54,4,2,39.3,0.0,Tablet,friend,paid,12.0,Yes,77.6,,1.0,1
L-00285,2026-01-03,21.0,2,Bachelors,12.1,2.35,2,4,45.5,1.0,Mobile,instagram,free,12.0,No,,duplicate?  check,0.0,1
L-02539,2026-05-14,15.0,1,Masters,5.7,3.07,7,5,52.7,0.0,Mobile,instagram,scholarship,4.0,Y,68.2,,1.0,0
L-00960,2026-04-13,17.0,1,Diploma,7.0,2.07,2,2,20.3,1.0,Mobile,school_partner,paid,12.0,0,,,0.0,1
L-01034,2026-02-01,16.0,2,Bachelors,5.9,5.05,7,3,64.6,0.0,Mobile,ngo_outreach,scholarship,20.0,1,76.0,requested extension,1.0,0
L-01143,2026-03-23,23.0,1,Bachelors,5.6,3.32,5,4,62.8,0.0,Mobile,friend,free,12.0,No,,,0.0,1
L-01263,2026-02-08,24.0,1,Bachelors,2.8,0.38,7,1,100.0,0.0,Tablet,youtube,scholarship,4.0,Y,89.0,,1.0,0
L-00809,2026-05-28,18.0,1,High School,9.0,4.23,3,2,21.2,1.0,Mobile,instagram,free,12.0,no,,-,0.0,1
L-00689,2026-06-04,24.0,2,Unknown,2.8,1.71,5,8,44.5,0.0,Mobile,school_partner,scholarship,11.0,no,,called on phone,0.0,0
L-02022,2026-06-08,25.0,2,Other,7.4,4.22,6,4,47.5,1.0,Mobile,school_partner,paid,1.0,no,,follow up next intake,0.0,0
L-02459,2026-02-23,22.0,1,Bachelors,9.0,5.38,8,5,63.7,1.0,Mobile,youtube,free,16.0,Y,90.7,follow up next intake,1.0,0
L-01519,2026-01-25,19.0,2,Masters,7.8,3.57,7,4,53.8,-1.0,Mobile,instagram,free,9.0,Y,66.0,asked about certificate,1.0,0
L-02448,2026-01-16,21.0,2,Bachelors,11.3,4.65,1,1,30.7,0.0,Mobile,instagram,free,12.0,Yes,69.7,-,1.0,1
L-01796,2026-02-08,18.0,3,High School,6.6,3.43,8,2,100.0,0.0,Mobile,instagram,scholarship,12.0,Y,78.5,,1.0,0
L-01525,2026-02-09,24.0,1,Other,7.1,3.13,6,9,86.7,1.0,Laptop,instagram,free,4.0,Y,89.8,,1.0,0
L-01662,2026-02-05,23.0,2,Bachelors,12.9,0.66,6,3,45.5,1.0,Laptop,school_partner,scholarship,12.0,0,,called on phone,0.0,1
L-02220,2026-06-09,27.0,3,Other,8.2,2.28,2,2,40.5,0.0,Mobile,school_partner,free,19.0,N,,called on phone,0.0,0
L-02219,2026-03-24,24.0,2,High School,3.6,2.11,5,5,44.9,0.0,Mobile,other,free,7.0,1,87.1,requested extension,1.0,0
L-00709,2026-04-26,29.0,1,High School,3.4,2.23,0,6,24.7,0.0,Mobile,friend,scholarship,12.0,N,,,0.0,1
L-01406,2026-01-23,23.0,2,High School,16.3,2.6,2,1,43.5,0.0,Mobile,other,free,12.0,0,,,0.0,1
L-00812,2026-04-22,26.0,1,Diploma,8.3,3.06,2,1,60.4,0.0,Mobile,school_partner,scholarship,7.0,0,42.1,asked about certificate,0.0,0
L-02319,2026-02-18,21.0,2,Other,9.4,6.28,6,14,81.5,0.0,Mobile,school_partner,paid,12.0,Yes,66.2,asked about certificate,1.0,0
L-01392,2026-06-12,18.0,1,High School,14.6,5.89,5,5,75.5,1.0,Desktop,friend,free,17.0,TRUE,87.2,,1.0,0
L-02750,2026-05-02,22.0,3,Diploma,9.7,2.3,1,2,45.5,1.0,Laptop,instagram,free,12.0,no,,-,0.0,1
L-02533,2026-01-21,22.0,2,Bachelors,7.1,1.57,6,3,45.5,0.0,Mobile,school_partner,free,14.0,FALSE,,,0.0,0
L-00226,2026-04-14,24.0,Unknown,Diploma,10.4,5.5,8,7,35.0,1.0,Mobile,friend,scholarship,4.0,Yes,64.2,,1.0,0
L-00317,2026-04-16,24.0,2,High School,10.2,3.69,3,6,51.6,1.0,Mobile,friend,paid,16.0,Yes,79.8,requested extension,1.0,0
L-00282,2026-04-19,26.0,2,Bachelors,5.2,4.42,5,1,47.7,0.0,Desktop,other,scholarship,12.0,N,,follow up next intake,0.0,1
L-01579,2026-04-05,18.0,3,High School,8.4,3.54,1,1,14.8,1.0,Mobile,other,free,12.0,0,,,0.0,1
L-01781,2026-01-27,23.0,1,Unknown,9.6,2.2,2,1,59.7,0.0,Mobile,youtube,free,12.0,FALSE,,duplicate?  check,0.0,1
L-00776,2026-03-12,32.0,3,Masters,9.3,3.74,4,4,50.7,0.0,Mobile,other,paid,12.0,N,,,0.0,1
L-00363,2026-06-14,28.0,3,High School,9.8,3.13,4,2,67.8,0.0,Laptop,friend,scholarship,11.0,No,,called on phone,0.0,0
L-02783,2026-05-08,30.0,1,Bachelors,7.1,1.91,5,9,33.1,1.0,Laptop,youtube,free,9.0,yes,82.3,,1.0,0
L-00044,2026-05-26,24.0,1,Diploma,12.5,3.13,10,2,72.3,0.0,Mobile,instagram,paid,14.0,TRUE,79.7,asked about certificate,1.0,0
L-01871,2026-02-17,16.0,1,High School,5.1,0.0,2,2,41.4,0.0,Tablet,instagram,free,12.0,0,,-,0.0,1
L-02047,2026-06-11,21.0,1,High School,7.0,3.88,6,1,43.2,0.0,Mobile,youtube,paid,12.0,No,,-,0.0,1
L-02676,2026-02-27,15.0,2,Masters,8.1,0.0,2,1,0.0,0.0,Mobile,school_partner,free,12.0,No,,follow up next intake,0.0,1
L-00065,2026-06-18,21.0,2,High School,4.8,0.55,0,2,16.2,1.0,Mobile,friend,paid,12.0,0,,,0.0,1
L-02695,2026-01-20,15.0,3,Diploma,12.5,4.22,7,9,77.3,1.0,Mobile,instagram,scholarship,12.0,1,98.5,requested extension,1.0,0
L-00092,2026-03-22,23.0,3,Diploma,7.8,2.39,0,1,0.0,1.0,Mobile,friend,scholarship,12.0,N,,,0.0,1
L-00643,2026-01-21,27.0,3,High School,13.0,5.59,6,6,80.3,-1.0,Mobile,ngo_outreach,scholarship,3.0,Yes,64.4,,1.0,0
L-01905,2026-01-26,17.0,3,Diploma,10.0,2.01,2,1,70.7,0.0,Mobile,ngo_outreach,scholarship,12.0,FALSE,,follow up next intake,0.0,1
L-02472,2026-06-17,18.0,2,Other,7.1,4.15,5,5,38.9,0.0,Mobile,instagram,scholarship,2.0,no,,-,0.0,0
L-00644,2026-02-23,19.0,3,Bachelors,8.9,5.89,10,6,96.5,0.0,Mobile,instagram,free,7.0,yes,70.6,,1.0,0
L-00312,2026-05-19,24.0,2,Bachelors,7.9,3.34,1,3,22.5,1.0,Mobile,school_partner,free,12.0,0,,,0.0,1
L-00410,2026-02-28,22.0,3,Bachelors,10.6,1.52,0,2,29.7,0.0,Mobile,instagram,scholarship,19.0,No,,follow up next intake,0.0,0
L-01448,2026-02-10,15.0,3,Diploma,6.6,5.36,3,1,65.1,1.0,Laptop,ngo_outreach,scholarship,3.0,FALSE,,,0.0,0
L-01258,2026-02-12,22.0,1,Diploma,7.4,4.84,7,4,31.1,0.0,Mobile,other,paid,12.0,N,25.9,,0.0,1
L-01365,2026-05-15,23.0,1,Bachelors,13.3,1.65,4,4,75.3,1.0,Mobile,youtube,scholarship,12.0,FALSE,44.6,-,0.0,1
L-02793,2026-06-12,18.0,1,High School,8.4,3.21,4,4,37.6,0.0,Laptop,instagram,free,2.0,N,41.2,asked about certificate,0.0,0
L-00154,2026-03-28,26.0,1,High School,5.4,2.27,3,4,18.8,0.0,Mobile,instagram,scholarship,12.0,N,,duplicate?  check,0.0,1
L-02532,2026-05-05,22.0,2,Bachelors,9.0,4.0,0,3,25.8,1.0,Laptop,youtube,scholarship,12.0,Y,85.7,duplicate?  check,1.0,1
L-01954,2026-03-28,16.0,2,Masters,7.3,4.13,9,7,98.0,0.0,Mobile,other,scholarship,7.0,Y,82.4,,1.0,0
L-02634,2026-02-09,21.0,2,High School,10.6,2.71,3,1,60.7,0.0,Laptop,youtube,scholarship,15.0,No,,,0.0,0
L-00767,2026-03-27,23.0,1,Diploma,9.1,3.43,8,1,91.8,1.0,Mobile,other,paid,12.0,1,77.9,follow up next intake,1.0,1
L-01122,2026-06-08,15.0,2,High School,5.4,4.25,4,4,34.1,1.0,Desktop,ngo_outreach,paid,17.0,1,82.6,follow up next intake,1.0,0
L-00798,2026-01-18,18.0,2,Diploma,3.2,4.62,3,2,60.3,0.0,Mobile,instagram,scholarship,20.0,0,,,0.0,0
L-02372,2026-03-21,23.0,3,Diploma,8.1,3.19,0,3,30.1,0.0,Mobile,instagram,paid,12.0,No,43.9,,0.0,1
L-01241,2026-03-15,30.0,1,Masters,5.5,0.83,2,3,56.2,0.0,Laptop,ngo_outreach,free,18.0,Yes,79.2,,1.0,0
L-01814,2026-01-14,21.0,1,Masters,7.1,3.69,0,3,19.9,0.0,Mobile,instagram,scholarship,19.0,no,43.6,-,0.0,0
L-00667,2026-06-05,21.0,1,Bachelors,9.9,5.11,9,2,87.0,1.0,Laptop,instagram,scholarship,6.0,Y,73.2,,1.0,0
L-01965,2026-02-25,16.0,2,Bachelors,6.5,3.79,4,0,70.9,0.0,Mobile,school_partner,paid,14.0,FALSE,,,0.0,0
L-02461,2026-05-09,21.0,2,Diploma,14.6,0.32,1,0,45.5,0.0,Mobile,ngo_outreach,free,13.0,No,,,0.0,0
L-00373,2026-02-01,25.0,1,Bachelors,4.5,3.95,4,2,63.3,0.0,Mobile,ngo_outreach,scholarship,3.0,Yes,78.3,,1.0,0
L-02667,2026-04-24,21.0,2,Bachelors,11.6,6.16,4,8,45.5,0.0,Tablet,friend,free,5.0,yes,76.5,,1.0,0
L-00936,2026-06-20,15.0,2,Bachelors,5.2,1.54,3,5,55.1,0.0,Laptop,other,free,12.0,1,82.9,requested extension,1.0,1
L-02429,2026-06-22,25.0,1,Bachelors,3.3,1.4,2,1,27.3,0.0,Mobile,instagram,free,12.0,0,,-,0.0,1
L-02731,2026-06-01,26.0,2,Bachelors,1.0,2.12,0,1,11.0,0.0,Mobile,instagram,free,12.0,No,,duplicate?  check,0.0,1
L-01089,2026-06-14,20.0,1,Diploma,5.6,3.33,3,1,33.7,0.0,Tablet,instagram,free,19.0,No,,,0.0,0
L-00963,2026-02-26,22.0,3,High School,10.4,4.13,7,6,71.0,0.0,Laptop,instagram,free,12.0,Yes,87.9,,1.0,1
L-02450,2026-04-24,18.0,1,Bachelors,1.8,3.69,3,1,45.5,0.0,Mobile,school_partner,free,12.0,N,,duplicate?  check,0.0,1
L-00334,2026-05-12,24.0,3,High School,3.8,1.17,4,1,81.8,0.0,Desktop,instagram,paid,8.0,yes,83.2,,1.0,0
L-00227,2026-01-17,21.0,3,Bachelors,10.8,2.65,3,4,39.2,0.0,Laptop,friend,paid,21.0,no,,follow up next intake,0.0,0
L-01253,2026-06-20,21.0,2,High School,1.0,1.48,5,4,68.1,1.0,Desktop,friend,free,17.0,0,34.5,,0.0,0
L-01277,2026-01-22,18.0,3,High School,9.2,3.66,2,6,13.7,1.0,Laptop,youtube,free,11.0,No,,,0.0,0
L-00301,2026-02-03,25.0,2,Bachelors,9.6,3.75,2,2,45.1,0.0,Laptop,instagram,free,21.0,FALSE,62.0,,0.0,0
L-01830,2026-02-16,20.0,3,Bachelors,8.2,2.59,7,1,54.4,0.0,Mobile,instagram,free,12.0,no,,,0.0,1
L-00731,2026-02-15,22.0,2,Other,8.8,4.16,3,2,60.0,1.0,Mobile,youtube,scholarship,20.0,FALSE,,-,0.0,0
L-01574,2026-03-19,28.0,2,Masters,9.3,4.91,3,0,51.1,0.0,Desktop,friend,free,7.0,FALSE,,-,0.0,0
L-01991,2026-01-25,24.0,2,Bachelors,10.1,5.28,7,2,32.2,1.0,Mobile,youtube,free,20.0,Y,78.0,requested extension,1.0,0
L-02762,2026-04-03,20.0,1,Bachelors,13.5,3.6,8,6,56.7,1.0,Desktop,instagram,free,12.0,no,,,0.0,1
L-02025,2026-02-05,26.0,1,Bachelors,8.3,4.41,5,10,72.6,0.0,Desktop,instagram,scholarship,19.0,Yes,83.7,called on phone,1.0,0
L-01467,2026-05-27,28.0,2,Bachelors,13.6,2.89,6,1,63.5,0.0,Mobile,ngo_outreach,free,3.0,TRUE,66.3,requested extension,1.0,0
L-01299,2026-05-13,20.0,3,Bachelors,2.4,1.74,0,1,31.8,0.0,Desktop,instagram,scholarship,19.0,N,,,0.0,0
L-00133,2026-06-14,21.0,3,High School,6.4,3.55,6,2,45.5,1.0,Mobile,ngo_outreach,paid,4.0,no,,called on phone,0.0,0
L-01654,2026-02-24,22.0,1,Masters,5.8,1.62,0,4,0.6,0.0,Laptop,friend,paid,12.0,FALSE,,-,0.0,1
L-00304,2026-01-15,20.0,2,Bachelors,11.1,3.71,2,5,25.8,0.0,Laptop,other,paid,12.0,Y,65.0,,1.0,0
L-00720,2026-06-09,18.0,1,High School,4.1,3.13,2,1,56.4,0.0,Mobile,instagram,paid,12.0,FALSE,,-,0.0,1
L-00077,2026-04-21,24.0,1,High School,6.5,3.22,5,1,56.5,0.0,Desktop,instagram,scholarship,17.0,N,,,0.0,0
L-00585,2026-02-07,21.0,2,Bachelors,10.3,1.35,6,3,58.4,0.0,Laptop,ngo_outreach,free,14.0,yes,76.4,,1.0,0
L-02279,2026-02-18,21.0,2,Bachelors,7.1,2.43,1,6,83.0,0.0,Laptop,youtube,free,12.0,Y,,,0.0,1
L-02311,2026-03-13,19.0,1,Bachelors,9.4,4.07,6,3,45.5,0.0,Mobile,instagram,free,9.0,No,41.0,,0.0,0
L-00817,2026-02-25,22.0,3,High School,9.8,3.94,7,8,59.6,0.0,Mobile,friend,free,19.0,Yes,74.2,called on phone,1.0,0
L-00397,2026-01-13,21.0,1,High School,5.4,3.13,4,6,31.6,0.0,Mobile,school_partner,free,12.0,N,,,0.0,1
L-01915,2026-01-04,23.0,1,Diploma,7.1,0.51,0,3,0.0,0.0,Mobile,friend,free,12.0,FALSE,,called on phone,0.0,1
L-02572,2026-04-25,16.0,1,Diploma,12.4,1.21,3,4,15.5,1.0,Mobile,instagram,paid,12.0,FALSE,36.2,,0.0,1
L-02712,2026-04-18,22.0,1,Bachelors,5.6,3.4,4,6,100.0,1.0,Mobile,youtube,free,12.0,0,,,0.0,1
L-02391,2026-06-18,15.0,3,High School,5.0,0.14,0,0,0.0,0.0,Mobile,ngo_outreach,free,12.0,0,46.1,,0.0,1
L-01633,2026-01-17,19.0,2,Masters,7.4,3.35,2,1,4.7,0.0,Laptop,friend,scholarship,18.0,FALSE,,asked about certificate,0.0,0
L-00579,2026-04-21,22.0,1,Diploma,5.3,3.62,3,1,72.4,0.0,Mobile,school_partner,free,15.0,Y,81.0,,1.0,0
L-01594,2026-02-23,17.0,1,Bachelors,7.5,4.09,3,4,65.9,0.0,Mobile,instagram,scholarship,12.0,Yes,55.3,-,1.0,0
L-01517,2026-03-02,20.0,1,High School,5.8,2.49,5,1,47.2,0.0,Laptop,instagram,free,0.0,N,,,0.0,0
L-02212,2026-04-05,17.0,2,High School,1.7,3.85,4,6,53.0,1.0,Mobile,instagram,free,9.0,no,75.0,follow up next intake,1.0,0
L-01187,2026-02-13,19.0,3,High School,4.6,2.2,4,3,15.8,1.0,Laptop,ngo_outreach,free,6.0,0,,asked about certificate,0.0,0
L-00917,2026-02-03,25.0,3,High School,7.7,2.82,3,4,55.3,0.0,Tablet,ngo_outreach,paid,2.0,1,71.2,,1.0,0
L-00105,2026-06-17,25.0,2,Bachelors,8.7,4.63,2,4,44.8,0.0,Mobile,youtube,scholarship,7.0,0,,requested extension,0.0,0
L-00495,2026-04-04,22.0,3,High School,6.8,5.23,7,2,79.5,1.0,Mobile,instagram,scholarship,2.0,TRUE,75.9,,1.0,0
L-02265,2026-01-27,28.0,3,High School,3.2,4.16,1,3,36.4,0.0,Mobile,youtube,free,20.0,no,,asked about certificate,0.0,0
L-01588,2026-02-17,21.0,2,Diploma,1.0,2.93,3,4,68.3,0.0,Laptop,friend,scholarship,14.0,yes,84.6,requested extension,1.0,0
L-02730,2026-01-19,25.0,2,High School,8.5,4.28,5,2,48.7,0.0,Mobile,instagram,paid,11.0,TRUE,80.0,-,1.0,0
L-01646,2026-04-16,17.0,2,Bachelors,4.0,3.39,8,3,53.2,1.0,Laptop,other,free,16.0,FALSE,,,0.0,0
L-02237,2026-03-10,19.0,2,Bachelors,8.8,3.12,8,8,34.2,0.0,Mobile,ngo_outreach,free,18.0,N,51.2,-,0.0,0
L-01708,2026-04-27,21.0,1,High School,4.5,0.0,4,5,8.8,1.0,Mobile,school_partner,scholarship,12.0,No,,requested extension,0.0,1
L-00856,2026-01-22,21.0,3,Bachelors,7.1,3.19,2,1,40.8,1.0,Mobile,youtube,paid,12.0,No,,,0.0,1
L-01159,2026-03-18,16.0,1,High School,6.6,0.3,5,5,45.3,1.0,Mobile,instagram,scholarship,13.0,yes,66.1,,1.0,0
L-00202,2026-06-23,22.0,2,Other,3.9,3.43,4,3,73.8,1.0,Mobile,instagram,scholarship,20.0,1,85.0,,1.0,0
L-01879,2026-01-06,16.0,1,High School,10.6,2.12,4,7,32.1,1.0,Desktop,instagram,scholarship,12.0,FALSE,,requested extension,0.0,1
L-01817,2026-04-04,21.0,2,Bachelors,4.9,3.45,6,3,58.1,0.0,Laptop,school_partner,free,12.0,TRUE,97.3,follow up next intake,1.0,1
L-00496,2026-04-16,23.0,2,Bachelors,7.8,1.66,1,5,74.3,0.0,Laptop,youtube,scholarship,19.0,No,,asked about certificate,0.0,0
L-02409,2026-06-24,24.0,2,Bachelors,10.1,4.18,0,2,41.1,1.0,Desktop,youtube,paid,12.0,no,44.5,,0.0,1
L-02645,2026-03-16,24.0,1,Other,11.0,4.39,5,3,40.5,1.0,Mobile,school_partner,free,12.0,no,,,0.0,1
L-00412,2026-05-27,29.0,2,High School,11.6,4.04,4,4,57.3,0.0,Mobile,youtube,paid,20.0,Y,100.0,follow up next intake,1.0,0
L-01495,2026-06-21,15.0,Unknown,Masters,5.7,2.13,2,1,45.2,0.0,Laptop,instagram,scholarship,12.0,TRUE,66.7,requested extension,1.0,1
L-02176,2026-06-19,35.0,2,Bachelors,4.5,4.12,5,1,97.7,0.0,Laptop,ngo_outreach,scholarship,4.0,Y,72.5,,1.0,0
L-00531,2026-01-07,21.0,2,High School,7.3,4.25,4,3,33.2,1.0,Laptop,school_partner,free,12.0,TRUE,80.5,called on phone,1.0,1
L-02699,2026-05-14,24.0,1,Bachelors,9.6,0.7,0,0,26.1,1.0,Laptop,school_partner,paid,12.0,No,,,0.0,1
L-01297,2026-01-16,22.0,1,Diploma,8.1,2.12,1,5,0.0,1.0,Desktop,youtube,free,21.0,0,,,0.0,0
L-01831,2026-05-18,24.0,1,Diploma,8.5,3.07,0,1,17.2,0.0,Desktop,instagram,free,12.0,FALSE,,follow up next intake,0.0,0
L-00123,2026-03-10,22.0,2,Diploma,3.1,3.67,4,0,80.0,0.0,Mobile,youtube,scholarship,13.0,1,74.3,,1.0,0
L-01012,2026-01-21,21.0,3,Masters,9.2,0.19,2,7,0.0,0.0,Mobile,friend,scholarship,12.0,0,,,0.0,1
L-02187,2026-01-28,26.0,1,Bachelors,7.1,1.72,4,1,17.0,0.0,Laptop,school_partner,scholarship,19.0,No,,,0.0,0
L-00544,2026-06-27,18.0,3,Bachelors,6.1,2.2,1,3,63.1,1.0,Laptop,school_partner,free,12.0,No,,,0.0,1
L-00964,2026-01-24,31.0,1,High School,7.8,2.75,2,2,18.4,1.0,Mobile,school_partner,scholarship,15.0,0,,,0.0,0
L-00717,2026-04-01,20.0,1,Bachelors,8.1,2.54,4,2,66.1,0.0,Laptop,instagram,scholarship,19.0,1,72.5,asked about certificate,1.0,0
L-00890,2026-01-21,21.0,3,Unknown,9.4,1.41,0,3,38.0,1.0,Mobile,friend,scholarship,12.0,0,,follow up next intake,0.0,1
L-01533,2026-01-02,21.0,3,High School,2.9,1.32,2,5,11.1,1.0,Laptop,instagram,paid,12.0,0,,requested extension,0.0,1
L-02056,2026-05-10,20.0,2,Bachelors,6.6,0.44,0,2,11.0,1.0,Mobile,instagram,free,11.0,N,,asked about certificate,0.0,0
L-00618,2026-04-05,25.0,2,High School,7.1,0.65,0,1,33.9,0.0,Desktop,school_partner,scholarship,12.0,FALSE,,requested extension,0.0,1
L-01775,2026-02-15,27.0,3,Bachelors,6.2,4.6,2,5,53.8,1.0,Mobile,friend,free,15.0,FALSE,,,0.0,0
L-00880,2026-06-11,19.0,3,Masters,5.9,3.86,5,1,79.4,1.0,Tablet,school_partner,free,11.0,1,75.1,,1.0,0
L-01692,2026-02-12,18.0,1,Other,2.6,2.24,3,6,61.8,-1.0,Mobile,instagram,free,1.0,0,,requested extension,0.0,0
L-01118,2026-01-28,15.0,2,Other,11.1,4.84,9,7,67.0,1.0,Mobile,ngo_outreach,free,10.0,yes,74.2,,1.0,0
L-00302,2026-06-21,21.0,1,High School,7.3,1.67,0,1,41.2,1.0,Mobile,instagram,free,17.0,No,,-,0.0,0
L-00326,2026-03-03,15.0,1,Other,7.7,3.53,6,6,27.1,1.0,Tablet,ngo_outreach,free,12.0,FALSE,35.3,asked about certificate,0.0,1
L-02111,2026-05-19,23.0,3,High School,11.2,5.76,4,2,83.1,0.0,Mobile,school_partner,free,12.0,yes,65.3,,1.0,1
L-00819,2026-02-27,20.0,2,Other,9.7,5.34,8,0,44.1,0.0,Laptop,friend,free,14.0,No,,asked about certificate,0.0,0
L-00711,2026-02-04,25.0,1,Diploma,10.7,2.91,1,1,19.6,1.0,Mobile,instagram,paid,12.0,No,40.4,-,0.0,1
L-01846,2026-04-06,21.0,3,Diploma,5.0,4.96,6,14,85.2,1.0,Mobile,instagram,paid,14.0,yes,88.7,,1.0,0
L-02406,2026-04-01,30.0,1,Diploma,7.6,1.84,0,1,10.7,0.0,Desktop,youtube,free,12.0,no,,,0.0,1
L-01073,2026-03-14,19.0,1,Bachelors,9.8,5.56,6,10,70.7,0.0,Desktop,friend,scholarship,4.0,Yes,81.0,duplicate?  check,1.0,0
L-00222,2026-06-23,29.0,2,Bachelors,6.2,3.66,4,4,45.5,0.0,Laptop,school_partner,scholarship,16.0,Y,71.8,requested extension,1.0,0
L-02398,2026-01-16,15.0,3,High School,2.4,2.38,2,2,31.3,0.0,Mobile,instagram,free,12.0,No,,,0.0,1
L-00842,2026-05-14,21.0,2,Diploma,11.5,2.61,3,0,23.1,1.0,Laptop,ngo_outreach,free,12.0,no,,called on phone,0.0,1
L-01811,2026-04-15,20.0,1,Bachelors,8.2,1.22,3,3,50.4,1.0,Laptop,friend,free,1.0,Yes,86.1,-,1.0,0
L-01195,2026-04-23,16.0,1,Bachelors,8.4,4.21,4,0,67.0,0.0,Tablet,school_partner,scholarship,15.0,yes,62.4,follow up next intake,1.0,0
L-01690,2026-06-03,20.0,1,Diploma,9.7,6.75,9,14,98.2,0.0,Mobile,friend,scholarship,12.0,yes,87.2,,1.0,1
L-00702,2026-03-18,23.0,3,Bachelors,6.7,3.84,7,4,72.5,1.0,Desktop,instagram,paid,15.0,1,78.7,-,1.0,0
L-00360,2026-01-18,25.0,1,Masters,8.7,1.54,2,2,12.2,0.0,Mobile,other,free,17.0,No,,,0.0,0
L-02138,2026-01-08,25.0,3,Diploma,8.7,2.52,3,3,40.5,-1.0,Desktop,instagram,paid,2.0,no,,duplicate?  check,0.0,0
L-01386,2026-03-24,15.0,3,Masters,9.8,2.78,8,5,69.9,0.0,Laptop,instagram,free,18.0,Y,69.8,asked about certificate,1.0,0
L-02238,2026-04-28,17.0,1,Bachelors,9.5,4.54,4,4,47.5,0.0,Desktop,instagram,free,14.0,No,,,0.0,0
L-02152,2026-05-24,25.0,3,Bachelors,14.3,3.91,3,2,58.3,0.0,Mobile,school_partner,scholarship,12.0,N,50.0,requested extension,0.0,1
L-02434,2026-06-10,22.0,2,Diploma,8.6,3.26,7,1,62.7,1.0,Laptop,school_partner,free,4.0,Yes,90.0,,1.0,0
L-01783,2026-01-28,21.0,1,Bachelors,3.5,4.39,1,4,19.8,1.0,Desktop,other,free,12.0,FALSE,,,0.0,1
L-01288,2026-05-15,17.0,2,High School,11.1,5.18,6,2,84.5,1.0,Mobile,ngo_outreach,free,12.0,1,71.5,,1.0,1
L-01451,2026-02-20,23.0,3,Other,8.9,2.12,3,8,62.7,0.0,Mobile,youtube,free,8.0,TRUE,,called on phone,0.0,0
L-02591,2026-03-09,15.0,2,Diploma,4.7,2.6,2,7,63.9,0.0,Mobile,instagram,paid,4.0,0,29.0,called on phone,0.0,0
L-00885,2026-03-10,25.0,2,High School,2.4,3.38,5,5,58.0,0.0,Desktop,friend,scholarship,12.0,No,,asked about certificate,0.0,0
L-02223,2026-06-26,21.0,1,High School,4.7,2.65,6,2,31.6,0.0,Tablet,instagram,paid,9.0,yes,68.6,asked about certificate,1.0,0
L-01433,2026-02-04,23.0,3,Diploma,7.9,3.62,10,6,100.0,0.0,Laptop,instagram,free,1.0,yes,69.6,,1.0,0
L-01423,2026-03-19,22.0,1,Bachelors,9.6,4.24,5,3,78.4,1.0,Tablet,school_partner,scholarship,18.0,1,81.2,called on phone,1.0,0
L-01447,2026-06-09,17.0,1,High School,7.1,4.4,9,4,31.5,0.0,Mobile,instagram,scholarship,3.0,Y,67.9,,1.0,0
L-00237,2026-05-09,24.0,1,High School,4.0,3.04,4,0,33.5,1.0,Mobile,instagram,scholarship,12.0,TRUE,75.8,,1.0,1
L-02001,2026-06-19,23.0,3,Bachelors,8.7,5.26,8,0,45.5,0.0,Mobile,school_partner,free,8.0,Y,67.0,,1.0,0
L-01924,2026-06-08,21.0,1,High School,13.1,5.41,10,7,47.9,1.0,Desktop,friend,paid,4.0,Y,77.5,duplicate?  check,1.0,0
L-01873,2026-01-18,26.0,2,Diploma,4.8,3.38,2,5,78.0,0.0,Mobile,school_partner,paid,18.0,0,,,0.0,0
L-02632,2026-05-21,21.0,1,Diploma,4.8,4.77,7,5,71.2,0.0,Laptop,instagram,free,3.0,Y,92.8,,1.0,0
L-01312,2026-03-06,19.0,2,Masters,8.7,5.46,3,7,46.0,0.0,Laptop,instagram,free,11.0,N,,,0.0,0
L-00601,2026-05-28,18.0,2,Other,3.6,1.67,1,0,31.1,0.0,Mobile,friend,free,21.0,no,,,0.0,0
L-01295,2026-01-04,18.0,2,Bachelors,8.4,1.64,5,4,29.6,1.0,Desktop,school_partner,free,12.0,Y,86.9,-,1.0,1
L-00299,2026-02-16,15.0,2,Bachelors,7.9,2.57,6,3,25.6,1.0,Laptop,school_partner,paid,12.0,N,,,0.0,1
L-00082,2026-01-16,28.0,2,Bachelors,8.6,2.13,5,5,40.8,1.0,Desktop,instagram,scholarship,12.0,Yes,83.0,duplicate?  check,1.0,1
L-01739,2026-01-27,21.0,3,Diploma,3.5,3.24,3,6,51.2,0.0,Mobile,instagram,free,18.0,No,,,0.0,0
L-01696,2026-03-21,21.0,2,High School,4.7,2.55,3,0,74.0,1.0,Laptop,ngo_outreach,scholarship,12.0,no,,duplicate?  check,0.0,1
L-00250,2026-04-07,25.0,2,Masters,5.2,0.53,1,2,45.5,-1.0,Mobile,school_partner,scholarship,12.0,FALSE,,,0.0,1
L-00854,2026-02-18,25.0,2,Diploma,1.0,2.95,6,2,70.4,0.0,Desktop,ngo_outreach,free,19.0,yes,81.0,duplicate?  check,1.0,0
L-01884,2026-05-13,23.0,3,Bachelors,5.2,4.45,3,6,41.8,0.0,Mobile,school_partner,scholarship,8.0,0,54.5,called on phone,0.0,0
L-00031,2026-05-01,20.0,1,High School,7.9,2.33,7,4,51.2,0.0,Laptop,instagram,scholarship,11.0,no,,,0.0,0
L-01642,2026-01-02,17.0,1,Masters,11.3,0.18,6,1,45.0,0.0,Laptop,friend,scholarship,20.0,no,48.0,asked about certificate,0.0,0
L-01700,2026-05-19,16.0,1,Other,8.4,3.45,1,4,44.9,1.0,Tablet,instagram,paid,21.0,N,,duplicate?  check,0.0,0
L-02760,2026-05-11,20.0,1,High School,5.2,2.83,7,3,74.8,0.0,Mobile,ngo_outreach,scholarship,12.0,No,37.0,duplicate?  check,0.0,1
L-01711,2026-05-11,18.0,1,Bachelors,6.7,4.66,6,3,59.0,1.0,Mobile,ngo_outreach,free,18.0,Y,83.8,duplicate?  check,1.0,0
L-02027,2026-05-16,15.0,2,Bachelors,3.6,0.47,3,0,59.5,0.0,Mobile,school_partner,scholarship,12.0,N,,,0.0,1
L-00722,2026-02-14,25.0,1,Diploma,7.1,4.17,1,1,47.6,1.0,Mobile,ngo_outreach,scholarship,9.0,N,,asked about certificate,0.0,0
L-00919,2026-04-03,21.0,2,Other,2.3,3.82,4,4,62.3,1.0,Mobile,instagram,paid,2.0,No,,,0.0,0
L-02382,2026-02-15,28.0,1,Diploma,4.2,1.37,2,3,44.5,1.0,Tablet,friend,scholarship,12.0,no,42.1,,0.0,1
L-02413,2026-05-28,20.0,2,Other,7.1,0.75,0,0,3.9,1.0,Laptop,ngo_outreach,paid,12.0,No,,asked about certificate,0.0,1
L-00473,2026-03-20,30.0,1,Bachelors,7.8,4.1,5,4,61.6,0.0,Tablet,youtube,free,20.0,TRUE,69.0,,1.0,0
L-01993,2026-03-18,27.0,1,Masters,12.3,1.92,3,6,45.5,1.0,Mobile,ngo_outreach,scholarship,14.0,Y,87.6,,1.0,0
L-02006,2026-03-07,18.0,3,Unknown,3.0,1.59,4,2,25.6,0.0,Tablet,school_partner,paid,0.0,yes,83.5,follow up next intake,1.0,0
L-01864,2026-05-14,21.0,3,Diploma,8.4,2.72,5,4,88.4,0.0,Mobile,youtube,free,6.0,yes,78.9,,1.0,0
L-01490,2026-01-05,21.0,2,Bachelors,5.9,3.96,4,2,50.0,1.0,Mobile,instagram,free,4.0,no,,,0.0,0
L-02043,2026-03-09,21.0,2,Diploma,14.9,3.92,4,2,56.2,1.0,Desktop,youtube,scholarship,4.0,no,,requested extension,0.0,0
L-01973,2026-02-18,26.0,3,Masters,5.7,4.77,4,3,85.5,0.0,Mobile,school_partner,paid,20.0,FALSE,,called on phone,0.0,0
L-01160,2026-03-27,20.0,2,Bachelors,8.9,0.63,0,3,18.3,-1.0,Mobile,instagram,scholarship,12.0,No,40.0,duplicate?  check,0.0,1
L-02401,2026-06-14,23.0,2,Bachelors,9.6,3.13,5,3,57.4,1.0,Mobile,instagram,free,3.0,no,,,0.0,0
L-00365,2026-06-12,18.0,2,Unknown,2.3,2.59,3,2,39.9,0.0,Mobile,other,paid,8.0,No,,duplicate?  check,0.0,0
L-02161,2026-02-01,21.0,3,High School,10.1,2.95,7,3,52.0,1.0,Mobile,school_partner,scholarship,18.0,TRUE,71.8,,1.0,0
L-00589,2026-02-07,19.0,2,Masters,14.0,3.48,7,1,82.3,0.0,Mobile,instagram,scholarship,3.0,no,85.7,asked about certificate,1.0,0
L-01736,2026-06-14,19.0,1,Diploma,3.2,1.65,6,2,30.4,0.0,Desktop,instagram,paid,12.0,No,35.6,duplicate?  check,0.0,1
L-00052,2026-04-16,21.0,3,Unknown,1.0,3.17,4,5,39.7,0.0,Mobile,school_partner,scholarship,12.0,N,,-,0.0,1
L-02357,2026-04-16,26.0,2,Bachelors,9.9,3.33,1,1,42.5,1.0,Tablet,school_partner,scholarship,12.0,No,,requested extension,0.0,1
L-00135,2026-02-16,19.0,3,Diploma,11.0,4.15,7,8,65.8,1.0,Desktop,ngo_outreach,paid,9.0,Yes,69.4,,1.0,0
L-02431,2026-02-13,24.0,1,High School,11.0,2.65,3,1,100.0,0.0,Laptop,instagram,free,12.0,N,,,0.0,1
L-02616,2026-06-13,17.0,2,Bachelors,8.6,2.23,2,3,37.5,0.0,Mobile,friend,scholarship,12.0,1,88.5,,1.0,1
L-00573,2026-04-06,17.0,1,High School,8.9,0.61,1,6,27.0,0.0,Laptop,youtube,free,12.0,0,50.2,follow up next intake,0.0,1
L-02609,2026-03-20,17.0,2,High School,7.9,3.32,2,3,53.4,1.0,Mobile,school_partner,free,12.0,TRUE,81.2,asked about certificate,1.0,1
L-00268,2026-02-22,16.0,2,Diploma,4.3,0.96,4,3,72.7,1.0,Desktop,school_partner,free,11.0,N,,,0.0,0
L-00540,2026-03-06,20.0,1,Other,5.9,2.24,6,1,45.5,1.0,Mobile,friend,free,16.0,N,61.0,requested extension,0.0,0
L-00725,2026-03-20,17.0,1,Bachelors,6.0,1.68,4,2,54.8,1.0,Mobile,instagram,scholarship,12.0,N,34.2,,0.0,1
L-02054,2026-01-16,17.0,1,Bachelors,7.3,3.13,3,2,49.3,0.0,Mobile,school_partner,paid,12.0,FALSE,,,0.0,1
L-01840,2026-02-28,19.0,2,Bachelors,4.3,2.91,0,2,18.6,0.0,Laptop,instagram,paid,8.0,N,35.4,,0.0,0
L-00088,2026-05-13,23.0,1,High School,4.9,2.95,0,4,54.6,0.0,Mobile,instagram,free,15.0,FALSE,,,0.0,0
L-01743,2026-06-07,23.0,1,Diploma,4.5,5.91,10,8,87.3,0.0,Laptop,friend,scholarship,12.0,Yes,66.1,,1.0,1
L-00900,2026-06-14,17.0,1,Unknown,7.1,3.0,1,2,19.1,1.0,Mobile,ngo_outreach,free,20.0,FALSE,,,0.0,0
L-00622,2026-05-08,25.0,1,Bachelors,2.1,0.7,6,2,42.7,0.0,Mobile,school_partner,paid,8.0,FALSE,,,0.0,0
L-00344,2026-05-16,22.0,3,Bachelors,5.6,0.24,4,2,37.3,0.0,Desktop,school_partner,paid,12.0,FALSE,,-,0.0,1
L-00554,2026-06-25,17.0,3,High School,4.9,2.97,2,2,21.9,0.0,Mobile,instagram,scholarship,12.0,N,,,0.0,1
L-00830,2026-02-02,20.0,2,High School,7.0,3.56,4,3,7.8,1.0,Desktop,other,scholarship,7.0,Y,89.7,follow up next intake,1.0,0
L-00447,2026-03-10,22.0,3,High School,5.3,0.73,0,1,1.3,1.0,Mobile,friend,paid,12.0,no,,,0.0,1
L-01822,2026-05-11,26.0,2,Diploma,6.4,0.0,0,3,1.8,0.0,Mobile,instagram,free,12.0,0,,requested extension,0.0,1
L-01504,2026-05-25,30.0,3,High School,4.0,2.57,4,1,32.0,0.0,Laptop,instagram,free,17.0,0,,follow up next intake,0.0,0
L-01326,2026-02-22,22.0,2,High School,7.1,3.36,5,8,48.0,0.0,Mobile,instagram,free,12.0,no,,,0.0,1
L-02685,2026-03-01,23.0,2,Bachelors,7.1,1.93,2,0,15.6,1.0,Mobile,instagram,free,11.0,no,,,0.0,0
L-02734,2026-04-01,15.0,2,Bachelors,7.5,2.6,3,6,19.0,0.0,Mobile,friend,scholarship,20.0,no,,,0.0,0
L-00820,2026-03-11,23.0,3,Masters,7.1,3.69,7,1,56.1,0.0,Laptop,friend,scholarship,19.0,TRUE,87.3,follow up next intake,1.0,0
L-00212,2026-04-27,15.0,3,High School,2.1,2.54,4,1,73.1,1.0,Mobile,instagram,scholarship,5.0,0,,,0.0,0
L-01559,2026-02-03,19.0,2,Masters,17.9,2.24,6,6,65.2,1.0,Mobile,instagram,scholarship,6.0,yes,86.5,-,1.0,0
L-02593,2026-06-07,27.0,2,Bachelors,9.2,1.03,3,3,61.6,0.0,Mobile,school_partner,paid,11.0,no,,requested extension,0.0,0
L-02520,2026-04-18,19.0,3,High School,8.1,2.61,9,5,52.5,0.0,Mobile,school_partner,free,2.0,No,49.6,asked about certificate,0.0,0
L-01972,2026-01-18,18.0,2,Bachelors,4.9,2.28,4,9,50.4,1.0,Laptop,instagram,free,12.0,no,,-,0.0,1
L-00949,2026-03-06,23.0,2,Masters,4.3,2.72,3,5,29.8,1.0,Mobile,friend,free,5.0,0,30.6,requested extension,0.0,0
L-01071,2026-03-12,21.0,3,High School,7.9,2.52,0,2,51.1,1.0,Mobile,youtube,paid,12.0,N,,,0.0,1
L-00792,2026-02-08,28.0,3,Bachelors,6.4,3.64,3,2,6.7,1.0,Mobile,friend,free,12.0,0,,,0.0,1
L-00207,2026-02-07,25.0,2,High School,1.5,0.19,1,1,16.2,1.0,Mobile,instagram,paid,12.0,FALSE,37.0,,0.0,1
L-00874,2026-06-21,18.0,3,High School,4.4,3.53,3,7,38.8,1.0,Mobile,youtube,paid,4.0,1,76.7,,1.0,0
L-00457,2026-02-19,17.0,1,Bachelors,3.1,2.04,1,6,25.9,0.0,Mobile,youtube,paid,12.0,0,,,0.0,1
L-01643,2026-03-23,29.0,3,High School,8.4,4.53,0,5,54.9,0.0,Mobile,school_partner,scholarship,12.0,no,,called on phone,0.0,1
L-00892,2026-02-01,23.0,2,Diploma,9.2,2.29,2,6,42.5,0.0,Mobile,school_partner,free,16.0,0,,called on phone,0.0,0
L-00519,2026-02-25,15.0,3,High School,9.2,4.56,2,0,69.7,1.0,Mobile,ngo_outreach,free,12.0,no,,,0.0,1
L-02304,2026-06-13,21.0,1,High School,5.1,3.6,7,1,78.7,0.0,Mobile,school_partner,paid,8.0,1,97.8,follow up next intake,1.0,0
L-00977,2026-04-26,23.0,1,Other,1.6,3.99,1,3,24.8,0.0,Mobile,instagram,free,12.0,no,,requested extension,0.0,1
L-00309,2026-02-14,22.0,2,Diploma,8.9,7.0,6,6,79.6,1.0,Laptop,youtube,scholarship,3.0,1,80.1,,1.0,0
L-02316,2026-01-15,27.0,3,Diploma,7.1,1.36,0,4,27.5,0.0,Laptop,friend,paid,12.0,TRUE,,-,0.0,1
L-00624,2026-01-28,19.0,1,Diploma,10.4,5.15,4,7,76.0,0.0,Mobile,friend,scholarship,13.0,yes,68.4,follow up next intake,1.0,0
L-01257,2026-06-28,22.0,3,Diploma,4.8,3.58,1,1,23.5,1.0,Mobile,friend,free,12.0,FALSE,,-,0.0,1
L-01951,2026-04-23,21.0,Unknown,Masters,7.1,0.68,2,3,25.4,1.0,Laptop,youtube,free,18.0,No,,,0.0,0
L-01352,2026-05-27,21.0,3,High School,10.6,3.6,7,1,56.2,0.0,Laptop,instagram,scholarship,6.0,1,,,0.0,0
L-00479,2026-02-26,20.0,2,Bachelors,6.1,1.99,4,2,47.2,0.0,Mobile,youtube,scholarship,12.0,1,66.7,follow up next intake,1.0,1
L-01201,2026-02-22,20.0,2,Diploma,7.0,3.19,4,0,45.5,0.0,Mobile,school_partner,free,12.0,N,28.6,asked about certificate,0.0,1
L-01082,2026-05-05,21.0,2,Bachelors,10.4,5.79,3,7,22.1,0.0,Tablet,school_partner,free,12.0,FALSE,,,0.0,0
L-02497,2026-05-11,19.0,1,Bachelors,4.6,3.73,4,1,35.3,1.0,Desktop,instagram,scholarship,21.0,No,,requested extension,0.0,0
L-02648,2026-03-05,26.0,2,Bachelors,3.7,3.8,0,1,62.1,0.0,Mobile,school_partner,scholarship,12.0,no,,,0.0,1
L-00203,2026-01-21,17.0,3,High School,6.9,4.03,5,9,55.8,0.0,Mobile,school_partner,scholarship,18.0,No,26.4,,0.0,0
L-00461,2026-01-13,19.0,1,High School,11.6,1.82,2,2,75.6,1.0,Desktop,instagram,scholarship,8.0,FALSE,,asked about certificate,0.0,0
L-00750,2026-06-28,22.0,3,Bachelors,6.3,2.71,5,3,91.4,1.0,Mobile,friend,free,8.0,Yes,79.2,duplicate?  check,1.0,0
L-02763,2026-06-18,19.0,2,Bachelors,4.0,3.13,0,3,0.0,1.0,Mobile,instagram,scholarship,12.0,N,,,0.0,1
L-01746,2026-04-01,19.0,2,High School,5.4,2.75,2,3,35.2,0.0,Mobile,instagram,scholarship,20.0,no,,requested extension,0.0,0
L-01163,2026-02-26,17.0,2,Diploma,5.1,1.86,5,7,47.7,1.0,Laptop,youtube,free,14.0,No,,,0.0,0
L-02454,2026-01-08,19.0,2,Bachelors,9.7,0.0,0,2,37.2,0.0,Mobile,school_partner,scholarship,18.0,N,,follow up next intake,0.0,0
L-01825,2026-05-27,16.0,1,Masters,7.9,3.78,4,4,63.6,1.0,Tablet,other,paid,12.0,N,,duplicate?  check,0.0,1
L-00536,2026-02-11,19.0,1,High School,8.5,2.69,2,0,46.5,1.0,Laptop,school_partner,paid,7.0,TRUE,81.7,,1.0,0
L-01238,2026-05-01,26.0,2,High School,1.7,5.07,4,3,56.2,0.0,Desktop,instagram,free,5.0,No,,,0.0,0
L-00600,2026-05-26,23.0,1,Other,2.6,6.5,10,9,100.0,0.0,Mobile,youtube,free,21.0,TRUE,59.8,,1.0,0
L-00161,2026-01-26,16.0,2,High School,14.4,4.83,4,2,56.3,0.0,Mobile,instagram,paid,12.0,Y,66.0,,1.0,1
L-02576,2026-01-14,18.0,1,Bachelors,8.5,3.64,2,1,19.2,1.0,Laptop,ngo_outreach,scholarship,12.0,no,42.3,,0.0,1
L-02544,2026-04-08,21.0,2,Bachelors,11.7,4.49,7,6,45.5,0.0,Mobile,instagram,free,21.0,Y,70.2,asked about certificate,1.0,0
L-02596,2026-06-22,30.0,2,Bachelors,3.0,0.0,0,2,6.3,1.0,Mobile,instagram,free,12.0,0,,called on phone,0.0,1
L-01329,2026-06-17,21.0,1,High School,10.6,6.12,8,8,86.1,1.0,Mobile,youtube,scholarship,16.0,0,38.6,,0.0,0
L-01797,2026-02-07,16.0,2,Bachelors,10.9,2.56,6,3,46.1,0.0,Mobile,friend,free,5.0,Yes,86.3,,1.0,0
L-00290,2026-04-02,29.0,2,Diploma,7.3,3.13,2,1,12.8,0.0,Mobile,friend,free,15.0,Y,66.9,,1.0,0
L-00235,2026-04-06,24.0,2,Unknown,6.7,5.91,8,6,76.5,1.0,Mobile,instagram,scholarship,12.0,yes,85.7,follow up next intake,1.0,1
L-01882,2026-01-04,22.0,1,Diploma,5.7,7.0,10,7,71.4,0.0,Mobile,school_partner,paid,4.0,Yes,73.7,called on phone,1.0,0
L-01511,2026-01-05,28.0,2,Diploma,13.3,4.41,5,1,45.5,1.0,Laptop,instagram,paid,13.0,no,,,0.0,0
L-02202,2026-05-13,21.0,2,High School,6.0,3.3,3,2,22.7,0.0,Laptop,school_partner,free,1.0,Y,77.1,,1.0,0
L-00974,2026-05-18,24.0,2,Bachelors,7.7,3.29,0,6,45.5,0.0,Mobile,other,paid,7.0,FALSE,,,0.0,0
L-00248,2026-02-14,26.0,2,Bachelors,11.2,1.3,0,1,22.0,0.0,Laptop,other,free,12.0,no,38.9,,0.0,1
L-01610,2026-01-17,22.0,1,Masters,6.1,4.93,6,7,100.0,0.0,Mobile,school_partner,paid,17.0,Y,80.1,duplicate?  check,1.0,0
L-00422,2026-03-22,22.0,1,High School,9.1,2.21,2,1,41.1,1.0,Mobile,school_partner,paid,12.0,no,,requested extension,0.0,1
L-02691,2026-04-04,29.0,3,Bachelors,10.8,2.18,6,1,35.2,0.0,Desktop,instagram,free,11.0,No,46.0,,0.0,0
L-00547,2026-01-02,19.0,3,Unknown,6.7,4.43,2,2,47.0,0.0,Laptop,other,scholarship,14.0,TRUE,89.1,,1.0,0
L-00379,2026-05-04,23.0,1,Other,1.0,1.67,4,3,57.1,1.0,Laptop,ngo_outreach,free,17.0,TRUE,75.3,,1.0,0
L-00553,2026-01-09,24.0,3,High School,9.8,2.86,5,7,45.5,1.0,Mobile,school_partner,paid,12.0,Yes,68.0,,1.0,1
L-01200,2026-06-05,24.0,2,Diploma,1.0,2.4,10,1,95.7,0.0,Mobile,friend,free,6.0,Yes,84.9,,1.0,0
L-01360,2026-05-14,24.0,3,High School,7.2,5.89,3,1,58.7,0.0,Laptop,youtube,free,12.0,0,,called on phone,0.0,1
L-00104,2026-01-22,17.0,2,Masters,2.4,2.82,2,1,43.1,1.0,Mobile,youtube,paid,12.0,FALSE,,called on phone,0.0,0
L-00598,2026-03-28,19.0,3,Diploma,5.5,5.32,6,1,49.1,0.0,Laptop,ngo_outreach,free,15.0,TRUE,67.8,,1.0,0
L-00623,2026-06-28,22.0,1,Bachelors,9.3,3.37,3,4,62.0,1.0,Mobile,instagram,scholarship,10.0,FALSE,,,0.0,0
L-02773,2026-04-01,20.0,1,Bachelors,7.1,3.85,7,6,48.2,1.0,Mobile,school_partner,scholarship,12.0,FALSE,,,0.0,1
L-00400,2026-03-25,26.0,2,Diploma,2.3,4.88,6,0,60.9,0.0,Mobile,ngo_outreach,free,21.0,yes,81.0,requested extension,1.0,0
L-00528,2026-01-15,19.0,2,Bachelors,9.9,1.79,2,0,39.1,0.0,Mobile,school_partner,scholarship,12.0,0,32.5,asked about certificate,0.0,1
L-01036,2026-06-25,15.0,1,Bachelors,4.8,2.59,0,8,11.7,0.0,Mobile,school_partner,free,16.0,0,,duplicate?  check,0.0,0
L-01331,2026-04-14,15.0,3,Bachelors,4.5,1.1,1,4,14.3,0.0,Mobile,friend,paid,12.0,no,,-,0.0,1
L-01986,2026-04-11,18.0,1,Diploma,4.8,4.21,1,2,45.5,0.0,Laptop,school_partner,free,12.0,No,,,0.0,1
L-00947,2026-03-03,22.0,1,Bachelors,9.2,7.0,4,1,71.1,0.0,Desktop,school_partner,scholarship,0.0,yes,88.7,duplicate?  check,1.0,0
L-00828,2026-02-14,21.0,1,High School,7.0,2.63,7,2,48.2,0.0,Mobile,instagram,free,15.0,N,,,0.0,0
L-01999,2026-04-05,20.0,2,Diploma,7.8,1.9,4,1,5.7,0.0,Mobile,instagram,free,12.0,FALSE,,,0.0,1
L-00996,2026-06-17,22.0,3,Bachelors,1.0,2.2,3,0,15.4,0.0,Mobile,school_partner,paid,16.0,no,,,0.0,0
L-01061,2026-05-16,15.0,1,Bachelors,6.6,3.28,6,4,78.5,1.0,Mobile,school_partner,paid,6.0,1,84.6,follow up next intake,1.0,0
L-01613,2026-02-25,22.0,2,Bachelors,7.1,4.43,4,1,33.2,1.0,Mobile,youtube,free,12.0,No,,,0.0,1
L-00703,2026-05-13,22.0,2,Other,10.8,2.71,2,0,8.5,0.0,Tablet,school_partner,free,12.0,N,,,0.0,1
L-00029,2026-05-10,23.0,2,High School,10.5,6.69,6,8,47.8,0.0,Mobile,friend,free,11.0,yes,61.9,,1.0,0
L-00712,2026-04-09,16.0,3,Diploma,7.2,2.88,6,3,45.5,1.0,Mobile,school_partner,paid,1.0,1,84.1,-,1.0,0
L-00985,2026-02-13,18.0,2,High School,11.2,2.55,5,3,33.8,1.0,Mobile,school_partner,scholarship,12.0,N,35.6,,0.0,1
L-02107,2026-01-26,15.0,3,Other,11.7,1.88,9,7,68.9,0.0,Laptop,instagram,scholarship,16.0,TRUE,59.4,-,1.0,0
L-02374,2026-03-06,18.0,2,Diploma,13.1,3.87,5,1,42.8,1.0,Mobile,ngo_outreach,paid,18.0,TRUE,63.4,asked about certificate,1.0,0
L-00891,2026-02-17,15.0,3,Diploma,5.3,2.75,0,0,17.8,1.0,Laptop,school_partner,free,17.0,No,,,0.0,0
L-00755,2026-06-07,19.0,1,Masters,9.5,2.6,5,1,36.6,0.0,Mobile,school_partner,scholarship,16.0,FALSE,26.1,called on phone,0.0,0
L-02733,2026-03-24,29.0,2,Diploma,5.0,3.14,5,2,80.4,-1.0,Laptop,youtube,scholarship,13.0,yes,62.1,,1.0,0
L-00606,2026-06-23,25.0,1,High School,6.2,2.67,0,0,28.0,0.0,Laptop,friend,free,12.0,FALSE,,follow up next intake,0.0,1
L-00652,2026-02-22,19.0,1,High School,6.8,3.13,0,0,0.0,0.0,Laptop,school_partner,scholarship,12.0,N,,requested extension,0.0,1
L-00724,2026-06-01,27.0,1,Diploma,8.5,3.83,5,0,54.0,0.0,Mobile,friend,free,15.0,Yes,78.4,,1.0,0
L-01055,2026-06-10,23.0,1,Masters,5.9,1.72,2,1,44.9,1.0,Mobile,school_partner,scholarship,5.0,Yes,76.0,called on phone,1.0,0
L-00328,2026-05-16,16.0,1,Diploma,4.5,2.32,3,1,60.3,1.0,Mobile,youtube,scholarship,6.0,N,,,0.0,0
L-02765,2026-03-15,25.0,1,High School,12.9,4.99,10,9,38.5,0.0,Desktop,school_partner,paid,5.0,Yes,74.7,follow up next intake,1.0,0
L-00805,2026-05-23,16.0,1,Bachelors,8.5,1.67,3,1,58.3,0.0,Mobile,school_partner,free,12.0,FALSE,,,0.0,1
L-00129,2026-03-27,21.0,2,High School,10.5,3.75,5,6,43.9,0.0,Mobile,friend,paid,20.0,no,,,0.0,0
L-02257,2026-03-20,21.0,2,Bachelors,5.3,4.96,4,0,85.5,-1.0,Laptop,instagram,scholarship,3.0,TRUE,75.2,follow up next intake,1.0,0
L-00790,2026-02-27,23.0,2,Bachelors,11.6,5.41,5,1,100.0,1.0,Mobile,youtube,free,2.0,Y,74.7,,1.0,0
L-00435,2026-04-28,28.0,1,High School,4.1,2.03,0,1,54.3,0.0,Tablet,ngo_outreach,paid,12.0,FALSE,49.9,,0.0,1
L-00877,2026-05-20,22.0,1,Diploma,6.2,0.6,0,2,66.2,0.0,Mobile,instagram,free,15.0,N,,called on phone,0.0,0
L-00366,2026-06-12,20.0,2,High School,3.6,2.34,0,3,36.9,0.0,Mobile,friend,free,21.0,N,,,0.0,0
L-02484,2026-04-27,15.0,1,High School,4.7,3.28,3,2,77.7,1.0,Mobile,school_partner,paid,0.0,1,86.0,follow up next intake,1.0,0
L-02358,2026-03-02,18.0,3,Bachelors,5.8,3.18,7,2,64.9,0.0,Tablet,friend,paid,12.0,TRUE,68.2,,1.0,1
L-02299,2026-02-18,19.0,1,Bachelors,6.6,0.0,0,2,34.2,0.0,Laptop,school_partner,free,17.0,TRUE,,asked about certificate,0.0,0
L-01410,2026-04-12,26.0,3,Diploma,5.1,5.7,5,5,50.1,0.0,Laptop,friend,free,19.0,No,,,0.0,0
L-02476,2026-05-14,24.0,2,Diploma,1.5,2.6,0,6,42.9,1.0,Tablet,school_partner,free,19.0,Y,72.1,requested extension,1.0,0
L-00431,2026-03-12,16.0,2,Bachelors,8.0,2.97,1,3,66.8,1.0,Mobile,youtube,scholarship,12.0,FALSE,,,0.0,1
L-01549,2026-05-28,15.0,3,High School,2.6,3.13,1,2,26.4,1.0,Laptop,other,paid,19.0,no,,asked about certificate,0.0,0
L-00704,2026-03-15,25.0,2,Bachelors,5.4,4.3,5,2,71.4,1.0,Desktop,friend,scholarship,12.0,Yes,86.4,,1.0,1
L-00831,2026-01-05,16.0,3,Diploma,6.8,3.13,3,1,0.2,-1.0,Mobile,other,scholarship,21.0,no,29.1,requested extension,0.0,0
L-00897,2026-04-24,23.0,1,High School,9.7,3.77,7,3,45.5,0.0,Mobile,youtube,free,6.0,FALSE,51.9,asked about certificate,0.0,0
L-02523,2026-05-25,21.0,2,Bachelors,2.8,4.03,5,3,38.1,0.0,Mobile,youtube,free,12.0,no,53.2,asked about certificate,0.0,1
L-02077,2026-06-11,15.0,3,High School,8.3,3.94,4,0,18.0,0.0,Mobile,friend,free,0.0,N,53.7,,0.0,0
L-00252,2026-06-11,24.0,3,Diploma,10.5,2.4,6,1,33.1,0.0,Mobile,instagram,scholarship,12.0,TRUE,76.7,-,1.0,1
L-00320,2026-01-01,26.0,1,Diploma,1.0,0.29,1,3,37.1,0.0,Laptop,instagram,free,12.0,FALSE,,called on phone,0.0,1
L-01178,2026-06-07,24.0,1,Bachelors,5.7,2.21,4,2,53.9,1.0,Mobile,school_partner,free,17.0,FALSE,,,0.0,0
L-02137,2026-04-01,17.0,1,Masters,11.2,3.71,6,1,65.8,0.0,Laptop,school_partner,paid,17.0,No,,duplicate?  check,0.0,0
L-01848,2026-01-27,16.0,1,Diploma,4.3,3.08,3,8,54.2,1.0,Desktop,ngo_outreach,free,16.0,Y,84.5,asked about certificate,1.0,0
L-02055,2026-06-05,25.0,2,High School,12.7,2.73,2,3,38.6,-1.0,Mobile,ngo_outreach,paid,5.0,Y,89.2,-,1.0,0
L-02291,2026-06-01,31.0,1,Other,5.0,3.13,1,8,85.8,0.0,Mobile,instagram,paid,12.0,no,,,0.0,1
L-02097,2026-05-15,24.0,3,Bachelors,5.3,0.0,0,1,45.5,1.0,Mobile,instagram,free,7.0,No,,,0.0,0
L-02019,2026-03-05,24.0,1,High School,10.5,5.48,9,6,81.3,0.0,Mobile,school_partner,scholarship,3.0,Yes,90.7,requested extension,1.0,0
L-00244,2026-05-08,27.0,1,Bachelors,5.5,1.23,2,0,23.9,0.0,Mobile,friend,scholarship,12.0,N,,,0.0,1
L-02342,2026-06-12,26.0,1,Diploma,6.8,4.06,5,4,66.5,1.0,Laptop,ngo_outreach,paid,3.0,Y,80.7,asked about certificate,1.0,0
L-00467,2026-04-10,26.0,1,High School,5.2,1.58,3,0,12.1,1.0,Laptop,friend,scholarship,20.0,yes,98.2,,1.0,0
L-00727,2026-04-03,15.0,2,Diploma,7.4,2.63,2,2,0.0,0.0,Laptop,instagram,free,12.0,No,,,0.0,1
L-02728,2026-02-04,21.0,1,Bachelors,2.2,2.44,1,1,45.5,1.0,Laptop,friend,free,15.0,yes,72.0,asked about certificate,1.0,0
L-02463,2026-06-19,19.0,2,High School,8.8,3.79,4,2,92.1,0.0,Mobile,youtube,scholarship,1.0,Y,79.0,duplicate?  check,1.0,0
L-01313,2026-01-09,15.0,2,Diploma,6.4,4.6,4,0,45.0,0.0,Desktop,friend,free,12.0,FALSE,,duplicate?  check,0.0,1
L-00922,2026-01-16,22.0,3,Bachelors,2.4,3.21,4,3,40.2,0.0,Mobile,youtube,paid,18.0,No,,,0.0,0
L-02061,2026-03-18,24.0,2,High School,7.4,2.32,3,1,0.0,1.0,Mobile,school_partner,free,12.0,N,,called on phone,0.0,1
L-02488,2026-03-23,24.0,2,High School,8.7,3.28,4,2,51.9,1.0,Laptop,instagram,scholarship,12.0,yes,73.7,asked about certificate,1.0,0
L-02423,2026-03-15,25.0,1,High School,8.6,4.21,8,0,99.3,1.0,Tablet,instagram,scholarship,6.0,yes,71.5,called on phone,1.0,0
L-00398,2026-05-27,21.0,1,Diploma,7.1,5.73,4,1,61.1,1.0,Laptop,school_partner,scholarship,5.0,Y,68.5,,1.0,0
L-02542,2026-06-13,28.0,2,Other,7.1,1.72,6,3,35.0,1.0,Laptop,friend,paid,12.0,N,,,0.0,1
L-01234,2026-05-18,26.0,3,Diploma,1.6,5.1,6,4,76.2,0.0,Mobile,ngo_outreach,scholarship,10.0,Y,76.2,,1.0,0
L-02011,2026-05-04,21.0,3,High School,9.4,4.68,8,10,89.0,0.0,Mobile,friend,free,7.0,yes,81.9,,1.0,0
L-01476,2026-03-20,18.0,2,Bachelors,5.9,0.83,6,3,55.7,0.0,Mobile,instagram,free,11.0,Yes,89.7,follow up next intake,1.0,0
L-01721,2026-03-27,21.0,2,Masters,12.3,1.62,4,2,78.0,1.0,Mobile,youtube,scholarship,12.0,1,61.9,duplicate?  check,1.0,1
L-00843,2026-02-16,21.0,1,Bachelors,10.4,3.66,6,2,41.9,1.0,Desktop,instagram,free,12.0,Yes,79.3,,1.0,1
L-01712,2026-02-13,20.0,1,Diploma,10.3,3.16,2,3,48.7,1.0,Mobile,instagram,scholarship,13.0,Yes,75.8,,1.0,0
L-01597,2026-02-23,24.0,3,Bachelors,8.5,5.08,3,3,26.6,0.0,Desktop,instagram,paid,12.0,0,39.7,,0.0,1
L-00386,2026-05-19,15.0,1,High School,5.9,2.83,8,1,36.1,0.0,Mobile,friend,free,12.0,yes,84.7,duplicate?  check,1.0,1
L-00616,2026-03-19,21.0,2,Other,4.7,3.69,2,1,44.8,0.0,Laptop,instagram,paid,2.0,TRUE,79.1,,1.0,0
L-00807,2026-01-17,26.0,1,High School,7.4,2.12,4,7,76.1,1.0,Laptop,youtube,scholarship,6.0,Y,50.5,,1.0,0
L-00323,2026-06-14,21.0,3,Bachelors,11.8,0.24,5,6,54.1,0.0,Mobile,school_partner,free,12.0,FALSE,,,0.0,1
L-02757,2026-01-20,21.0,2,Bachelors,2.0,1.89,2,5,56.5,1.0,Mobile,friend,paid,12.0,Yes,63.5,,1.0,1
L-00147,2026-01-20,17.0,3,Diploma,8.4,1.73,0,3,2.6,1.0,Laptop,youtube,paid,12.0,FALSE,,called on phone,0.0,1
L-01978,2026-04-27,19.0,2,Unknown,8.9,4.31,5,8,47.5,0.0,Desktop,instagram,free,12.0,0,,duplicate?  check,0.0,1
L-00020,2026-06-26,23.0,2,High School,10.5,2.24,4,0,33.4,1.0,Mobile,ngo_outreach,scholarship,12.0,no,,follow up next intake,0.0,1
L-00475,2026-05-26,24.0,2,Bachelors,9.2,3.38,5,8,50.0,0.0,Mobile,friend,scholarship,4.0,Yes,65.8,-,1.0,0
L-00515,2026-05-05,20.0,3,Bachelors,6.0,5.45,3,4,33.4,0.0,Laptop,instagram,scholarship,20.0,No,35.4,duplicate?  check,0.0,0
L-00125,2026-05-16,18.0,3,High School,6.1,4.51,6,2,99.9,1.0,Laptop,ngo_outreach,free,0.0,yes,74.9,,1.0,0
L-00056,2026-05-13,22.0,1,Other,9.7,0.5,3,1,10.8,1.0,Laptop,school_partner,scholarship,20.0,No,,,0.0,0
L-01733,2026-04-04,21.0,3,Diploma,10.2,4.65,5,3,57.5,0.0,Mobile,youtube,free,11.0,0,39.8,-,0.0,0
L-00836,2026-05-14,17.0,1,Bachelors,9.8,4.01,6,5,45.1,0.0,Desktop,instagram,paid,20.0,yes,68.4,,1.0,0
L-00262,2026-01-21,18.0,1,Bachelors,9.2,4.24,7,6,77.7,1.0,Desktop,instagram,free,7.0,Yes,78.0,,1.0,0
L-02283,2026-05-16,26.0,2,Bachelors,9.8,1.91,0,1,45.5,1.0,Mobile,friend,free,12.0,No,51.6,asked about certificate,0.0,1
L-01254,2026-01-04,21.0,1,Unknown,7.2,2.37,0,1,44.6,0.0,Mobile,school_partner,scholarship,12.0,0,34.7,,0.0,1
L-02659,2026-01-28,25.0,3,Diploma,3.1,2.87,0,3,83.3,0.0,Mobile,school_partner,scholarship,3.0,FALSE,,asked about certificate,0.0,0
L-01104,2026-04-10,25.0,1,Bachelors,2.1,1.4,3,1,49.0,0.0,Mobile,school_partner,scholarship,19.0,No,,,0.0,0
L-01638,2026-02-21,21.0,3,Bachelors,7.6,3.74,3,2,28.1,0.0,Laptop,friend,scholarship,3.0,FALSE,,,0.0,0
L-02770,2026-02-11,23.0,3,Diploma,7.2,3.6,4,5,100.0,0.0,Mobile,instagram,free,12.0,N,,follow up next intake,0.0,1
L-01427,2026-04-06,19.0,3,Bachelors,3.1,4.75,8,8,63.0,0.0,Mobile,youtube,scholarship,7.0,Yes,81.1,,1.0,0
L-02619,2026-05-27,21.0,1,Bachelors,9.4,4.82,6,2,53.0,0.0,Desktop,school_partner,paid,14.0,1,72.7,asked about certificate,1.0,0
L-00468,2026-03-23,24.0,1,Diploma,7.5,1.95,8,4,72.2,1.0,Mobile,instagram,scholarship,21.0,FALSE,,requested extension,0.0,0
L-01759,2026-06-28,15.0,2,High School,10.4,2.74,7,10,67.6,0.0,Laptop,school_partner,free,10.0,no,,,0.0,0
L-02336,2026-01-19,19.0,2,Bachelors,5.7,3.86,3,4,39.1,0.0,Desktop,youtube,free,12.0,yes,94.8,follow up next intake,1.0,1
L-02743,2026-06-07,25.0,1,Bachelors,14.4,3.67,5,5,70.1,0.0,Laptop,youtube,paid,18.0,1,78.9,-,1.0,0
L-01950,2026-01-07,25.0,1,High School,5.7,1.05,6,3,20.7,0.0,Mobile,ngo_outreach,paid,21.0,1,72.8,-,1.0,0
L-00204,2026-04-04,16.0,2,Bachelors,3.3,3.23,4,2,17.5,0.0,Laptop,school_partner,scholarship,12.0,TRUE,76.3,,1.0,1
L-00986,2026-06-15,24.0,3,Bachelors,7.1,0.56,0,5,31.7,1.0,Desktop,friend,paid,12.0,FALSE,,follow up next intake,0.0,1
L-01378,2026-02-22,25.0,2,Masters,2.8,3.13,4,3,0.0,0.0,Mobile,instagram,paid,14.0,1,78.9,,1.0,0
L-00749,2026-06-13,17.0,2,Bachelors,8.5,1.96,1,0,22.8,1.0,Desktop,school_partner,paid,12.0,N,,requested extension,0.0,1
L-01479,2026-04-06,22.0,3,High School,10.2,5.12,7,0,56.7,0.0,Laptop,other,paid,0.0,yes,67.1,called on phone,1.0,0
L-02207,2026-04-26,21.0,2,Bachelors,10.0,0.0,4,0,4.1,0.0,Mobile,youtube,free,12.0,0,,,0.0,1
L-01866,2026-03-08,21.0,1,High School,5.0,4.51,0,1,30.3,1.0,Mobile,instagram,paid,11.0,1,74.1,duplicate?  check,1.0,0
L-01439,2026-06-28,21.0,1,Diploma,5.1,1.66,3,2,66.7,0.0,Tablet,instagram,scholarship,18.0,Yes,79.9,follow up next intake,1.0,0
L-00263,2026-04-11,27.0,1,Masters,1.0,3.39,4,2,53.7,1.0,Mobile,youtube,free,21.0,Yes,80.3,,1.0,0
L-02052,2026-03-09,20.0,3,High School,6.1,2.87,2,5,54.2,0.0,Mobile,friend,free,21.0,0,,duplicate?  check,0.0,0
L-01606,2026-04-16,24.0,1,Bachelors,9.4,3.22,5,5,51.4,-1.0,Mobile,school_partner,free,18.0,N,66.2,asked about certificate,1.0,0
L-01861,2026-03-25,20.0,3,Bachelors,6.5,2.95,6,0,68.3,0.0,Mobile,friend,paid,6.0,Y,82.3,duplicate?  check,1.0,0
L-00090,2026-05-20,21.0,2,High School,7.1,4.19,5,5,46.4,0.0,Mobile,instagram,scholarship,6.0,Y,76.2,,1.0,0
L-02211,2026-02-23,25.0,3,Bachelors,3.5,2.4,4,0,15.5,1.0,Laptop,school_partner,scholarship,11.0,TRUE,87.1,,1.0,0
L-01252,2026-03-05,26.0,1,Masters,10.1,2.76,5,4,74.7,0.0,Mobile,school_partner,free,10.0,FALSE,,duplicate?  check,0.0,0
L-01105,2026-02-18,20.0,2,Bachelors,4.2,2.77,9,0,86.6,0.0,Mobile,school_partner,free,19.0,TRUE,83.8,,1.0,0
L-01173,2026-02-27,23.0,Unknown,Diploma,6.0,1.4,0,1,31.2,1.0,Laptop,instagram,scholarship,17.0,No,,asked about certificate,0.0,0
L-00443,2026-01-28,17.0,2,Unknown,2.8,4.39,1,1,60.9,0.0,Mobile,youtube,paid,12.0,FALSE,,asked about certificate,0.0,1
L-00503,2026-06-07,21.0,1,High School,7.2,6.34,9,1,76.3,0.0,Mobile,ngo_outreach,paid,19.0,1,82.2,asked about certificate,1.0,0
L-01411,2026-03-20,28.0,2,Diploma,5.0,4.81,5,0,73.1,0.0,Desktop,ngo_outreach,free,12.0,yes,78.4,,1.0,1
L-00146,2026-04-28,17.0,2,Bachelors,3.4,0.58,5,6,34.9,1.0,Mobile,school_partner,free,5.0,0,,follow up next intake,0.0,0
L-02192,2026-05-02,22.0,3,Masters,12.5,1.0,4,1,16.9,1.0,Mobile,youtube,free,0.0,FALSE,,asked about certificate,0.0,0
L-00706,2026-02-23,20.0,1,High School,5.2,2.52,9,3,73.5,1.0,Mobile,instagram,scholarship,7.0,Y,74.2,called on phone,1.0,0
L-02250,2026-05-02,21.0,3,High School,5.2,3.54,4,2,25.8,1.0,Laptop,friend,paid,3.0,TRUE,78.3,duplicate?  check,1.0,0
L-02503,2026-06-11,22.0,2,Masters,3.6,3.16,0,6,51.9,0.0,Mobile,youtube,free,12.0,FALSE,,,0.0,1
L-01128,2026-02-14,21.0,3,Masters,8.0,3.42,4,3,81.1,0.0,Laptop,school_partner,free,2.0,1,63.7,,1.0,0
L-01434,2026-03-25,20.0,2,High School,7.7,2.71,5,1,47.2,0.0,Mobile,instagram,paid,19.0,no,,,0.0,0
L-01854,2026-01-02,17.0,3,High School,4.8,1.5,2,5,39.9,1.0,Mobile,youtube,scholarship,16.0,Y,87.8,,1.0,0
L-01243,2026-02-06,22.0,1,Diploma,9.0,2.12,2,4,64.2,0.0,Laptop,instagram,paid,12.0,No,,,0.0,1
L-02096,2026-02-19,19.0,2,Bachelors,3.1,1.4,1,0,45.5,0.0,Desktop,instagram,paid,21.0,yes,,follow up next intake,0.0,0
L-01647,2026-02-17,19.0,2,Diploma,4.4,5.21,2,2,5.4,1.0,Mobile,friend,scholarship,17.0,0,,,0.0,0
L-00769,2026-04-02,26.0,1,Bachelors,8.6,2.72,4,2,49.1,0.0,Tablet,school_partner,scholarship,2.0,yes,88.5,asked about certificate,1.0,0
L-00797,2026-03-01,26.0,Unknown,High School,8.4,2.35,2,4,29.1,0.0,Mobile,youtube,free,12.0,0,,,0.0,1
L-00556,2026-01-02,21.0,2,High School,5.2,4.76,0,1,24.0,1.0,Mobile,school_partner,free,11.0,no,,,0.0,0
L-00453,2026-02-13,21.0,3,High School,12.9,4.93,7,2,70.3,0.0,Mobile,youtube,paid,2.0,1,81.6,,1.0,0
L-00558,2026-04-19,22.0,1,Bachelors,8.3,4.66,8,9,93.4,1.0,Mobile,school_partner,free,20.0,no,,requested extension,0.0,0
L-01926,2026-04-07,28.0,2,Bachelors,9.8,4.43,2,2,50.0,1.0,Mobile,friend,free,8.0,0,,,0.0,0
L-02083,2026-05-18,28.0,3,Bachelors,6.7,2.04,4,3,70.4,0.0,Mobile,youtube,free,12.0,FALSE,,-,0.0,1
L-02600,2026-01-27,26.0,3,Bachelors,5.5,4.71,4,4,42.6,0.0,Desktop,youtube,scholarship,4.0,FALSE,,,0.0,0
L-02637,2026-04-02,21.0,3,Bachelors,1.0,0.07,0,1,0.0,-1.0,Mobile,friend,paid,12.0,FALSE,,requested extension,0.0,1
L-00789,2026-02-07,27.0,3,Diploma,11.9,1.99,4,1,45.5,0.0,Tablet,ngo_outreach,scholarship,20.0,yes,100.0,called on phone,1.0,0
L-01251,2026-02-04,24.0,1,Diploma,1.5,0.65,3,4,70.3,1.0,Mobile,instagram,paid,19.0,N,,called on phone,0.0,0
L-01843,2026-02-15,21.0,2,Bachelors,8.1,2.45,4,8,26.8,0.0,Mobile,school_partner,free,5.0,N,,,0.0,0
L-01404,2026-02-18,16.0,1,Unknown,11.9,5.22,6,4,23.6,0.0,Desktop,instagram,free,10.0,no,37.8,-,0.0,0
L-01112,2026-03-06,22.0,3,High School,5.1,1.21,6,4,48.3,1.0,Mobile,ngo_outreach,paid,12.0,0,,,0.0,1
L-02597,2026-02-22,15.0,2,Diploma,11.5,3.13,4,3,45.5,1.0,Laptop,ngo_outreach,scholarship,3.0,Yes,90.9,,1.0,0
L-01836,2026-02-04,24.0,1,Bachelors,9.3,5.04,10,6,72.6,1.0,Mobile,friend,paid,12.0,yes,83.7,,1.0,0
L-01996,2026-05-19,25.0,1,Bachelors,12.0,1.67,0,3,43.2,1.0,Desktop,instagram,free,20.0,no,,asked about certificate,0.0,0
L-01555,2026-06-14,24.0,1,High School,1.7,0.0,1,4,23.2,0.0,Mobile,youtube,free,12.0,0,,,0.0,1
L-01210,2026-06-26,28.0,2,Bachelors,3.2,2.73,1,0,30.1,0.0,Mobile,instagram,scholarship,12.0,no,,,0.0,1
L-02153,2026-06-17,19.0,1,Unknown,5.1,2.62,3,1,49.2,0.0,Laptop,friend,free,7.0,1,75.7,-,1.0,0
L-02421,2026-03-23,26.0,1,Masters,6.1,2.42,6,2,42.5,1.0,Mobile,instagram,paid,21.0,FALSE,,,0.0,0
L-00259,2026-02-25,28.0,2,Bachelors,6.0,1.61,4,2,16.9,1.0,Mobile,instagram,free,12.0,N,61.3,-,0.0,1
L-00041,2026-01-09,19.0,1,High School,4.6,2.74,1,4,34.3,0.0,Mobile,instagram,scholarship,16.0,N,,,0.0,0
L-02310,2026-04-25,23.0,2,High School,5.2,3.16,8,7,63.7,0.0,Laptop,ngo_outreach,paid,12.0,yes,79.7,requested extension,1.0,1
L-00852,2026-03-04,21.0,3,High School,1.5,0.43,3,3,46.4,0.0,Laptop,instagram,free,12.0,0,23.9,,0.0,1
L-00567,2026-02-21,15.0,2,Masters,3.0,4.26,4,4,100.0,1.0,Mobile,ngo_outreach,paid,13.0,yes,,,0.0,0
L-02242,2026-03-12,21.0,2,Diploma,12.0,4.18,4,2,37.2,1.0,Mobile,instagram,scholarship,12.0,TRUE,81.2,,1.0,1
L-00645,2026-06-06,26.0,1,Bachelors,7.1,2.25,2,1,23.7,0.0,Tablet,friend,free,17.0,FALSE,,requested extension,0.0,0
L-01614,2026-05-19,18.0,Unknown,Diploma,5.1,3.57,0,7,40.8,0.0,Mobile,instagram,scholarship,17.0,FALSE,,called on phone,0.0,0
L-00555,2026-05-04,27.0,Unknown,Diploma,4.4,4.35,8,5,69.5,0.0,Mobile,youtube,paid,3.0,TRUE,65.1,,1.0,0
L-00628,2026-03-20,20.0,3,Diploma,9.4,3.23,5,1,46.5,0.0,Laptop,instagram,scholarship,2.0,0,,duplicate?  check,0.0,0
L-00348,2026-03-02,22.0,2,Bachelors,5.9,3.42,4,6,78.8,0.0,Desktop,friend,free,4.0,TRUE,85.6,duplicate?  check,1.0,0
L-02317,2026-05-01,23.0,2,Bachelors,7.5,6.0,5,4,53.5,1.0,Laptop,instagram,free,12.0,TRUE,68.0,requested extension,1.0,1
L-01006,2026-04-22,20.0,3,High School,11.6,3.16,3,3,69.0,1.0,Laptop,friend,scholarship,12.0,0,,called on phone,0.0,1
L-02036,2026-06-26,21.0,1,Bachelors,1.0,4.52,5,3,100.0,0.0,Tablet,school_partner,paid,20.0,no,43.2,,0.0,0
L-01239,2026-02-22,17.0,1,Masters,11.8,3.45,4,4,92.7,0.0,Mobile,school_partner,free,2.0,N,,-,0.0,0
L-00759,2026-06-04,18.0,1,Bachelors,7.1,0.35,0,4,34.1,0.0,Mobile,instagram,scholarship,12.0,FALSE,,asked about certificate,0.0,1
L-02058,2026-03-17,24.0,2,Bachelors,1.0,1.73,0,1,19.2,0.0,Mobile,instagram,free,12.0,FALSE,,asked about certificate,0.0,1
L-02379,2026-06-07,26.0,1,Masters,1.0,1.24,0,1,0.0,1.0,Mobile,friend,scholarship,19.0,0,,,0.0,0
L-01090,2026-01-06,19.0,2,Diploma,2.0,1.39,4,4,21.7,0.0,Mobile,youtube,scholarship,10.0,0,,follow up next intake,0.0,0
L-00068,2026-03-12,22.0,1,Bachelors,5.0,4.05,9,6,91.7,0.0,Tablet,youtube,scholarship,14.0,Y,83.3,follow up next intake,1.0,0
L-01276,2026-03-25,21.0,2,High School,7.1,2.02,2,2,38.2,0.0,Tablet,friend,free,12.0,FALSE,,duplicate?  check,0.0,1
L-01492,2026-01-02,19.0,1,Masters,3.7,3.96,6,2,26.2,0.0,Laptop,instagram,scholarship,12.0,TRUE,71.7,follow up next intake,1.0,1
L-01837,2026-03-24,29.0,1,High School,2.4,4.09,4,3,1.1,1.0,Laptop,youtube,scholarship,14.0,N,,called on phone,0.0,0
L-02777,2026-04-07,17.0,1,Diploma,7.2,2.23,6,3,26.2,0.0,Laptop,youtube,paid,9.0,TRUE,92.4,,1.0,0
L-00417,2026-05-25,21.0,3,Diploma,7.2,2.26,0,3,22.3,0.0,Mobile,friend,paid,12.0,FALSE,,,0.0,1
L-01363,2026-04-25,24.0,3,Diploma,1.0,0.0,0,4,4.3,-1.0,Mobile,youtube,free,12.0,FALSE,,,0.0,1
L-00569,2026-05-08,20.0,2,Other,10.9,0.58,7,2,68.0,1.0,Mobile,instagram,paid,12.0,Y,81.7,,1.0,1
L-00008,2026-02-01,17.0,1,Masters,6.3,6.1,8,1,59.4,1.0,Mobile,ngo_outreach,scholarship,12.0,TRUE,76.8,asked about certificate,1.0,1
L-01862,2026-05-06,25.0,3,Bachelors,7.1,2.06,1,0,45.5,0.0,Mobile,school_partner,scholarship,12.0,FALSE,,,0.0,1
L-00742,2026-06-18,25.0,3,Diploma,9.1,0.73,5,2,42.8,0.0,Mobile,friend,free,12.0,N,,,0.0,1
L-00231,2026-04-27,15.0,2,Unknown,6.7,3.61,4,2,56.5,1.0,Mobile,youtube,scholarship,12.0,0,,,0.0,1
L-00292,2026-03-18,16.0,2,Unknown,8.4,2.81,0,1,33.9,0.0,Laptop,youtube,paid,12.0,No,,requested extension,0.0,1
L-00124,2026-06-03,21.0,2,Diploma,3.8,2.06,1,0,64.9,1.0,Mobile,instagram,free,11.0,No,,called on phone,0.0,0
L-02612,2026-05-14,21.0,1,Diploma,7.5,4.22,3,1,39.2,1.0,Tablet,ngo_outreach,free,14.0,N,,asked about certificate,0.0,0
L-00995,2026-04-01,21.0,1,High School,5.8,3.92,3,3,71.3,1.0,Tablet,instagram,scholarship,6.0,FALSE,,,0.0,0
L-00599,2026-01-23,21.0,1,Bachelors,9.6,3.89,6,4,64.7,0.0,Mobile,ngo_outreach,scholarship,12.0,TRUE,64.3,duplicate?  check,1.0,1
L-00597,2026-06-14,24.0,2,Diploma,6.5,1.33,0,3,56.4,1.0,Laptop,instagram,free,14.0,FALSE,,,0.0,0
L-00060,2026-01-12,21.0,1,Diploma,8.2,2.15,4,2,32.9,0.0,Desktop,school_partner,paid,12.0,FALSE,45.0,,0.0,1
L-00881,2026-06-15,18.0,2,Bachelors,1.9,0.37,2,4,0.4,0.0,Laptop,instagram,scholarship,12.0,FALSE,,,0.0,1
L-02449,2026-01-01,26.0,1,Bachelors,6.7,1.68,1,4,66.7,1.0,Mobile,instagram,scholarship,12.0,No,,,0.0,1
L-01649,2026-02-05,28.0,1,Bachelors,10.6,4.21,4,2,57.0,1.0,Laptop,friend,free,5.0,no,,requested extension,0.0,0
L-01769,2026-06-09,26.0,2,Diploma,6.4,3.4,8,3,64.2,0.0,Mobile,friend,scholarship,12.0,1,83.5,,1.0,1
L-00961,2026-04-16,16.0,2,High School,12.0,3.84,4,4,36.0,1.0,Mobile,instagram,scholarship,12.0,Y,61.6,asked about certificate,1.0,1
L-02668,2026-04-06,25.0,2,Diploma,9.7,4.44,3,0,69.0,0.0,Laptop,other,free,8.0,Yes,78.2,,1.0,0
L-01939,2026-06-25,15.0,1,Unknown,4.4,3.13,8,7,39.4,0.0,Laptop,instagram,free,9.0,No,,duplicate?  check,0.0,0
L-01567,2026-06-23,21.0,1,Masters,5.3,1.03,4,5,59.3,1.0,Desktop,instagram,scholarship,21.0,Yes,77.1,,1.0,0
L-00217,2026-03-26,20.0,1,Masters,11.6,2.73,0,1,25.6,0.0,Laptop,other,free,19.0,N,,,0.0,0
L-00642,2026-02-12,16.0,Unknown,Bachelors,3.0,2.1,4,5,16.8,1.0,Laptop,instagram,scholarship,12.0,No,50.7,duplicate?  check,0.0,1
L-02103,2026-06-18,21.0,3,Diploma,5.0,2.63,3,0,46.3,1.0,Laptop,instagram,free,11.0,N,,called on phone,0.0,0
L-02453,2026-02-12,21.0,3,Bachelors,5.6,2.06,0,2,54.2,1.0,Mobile,school_partner,free,12.0,N,,,0.0,1
L-02066,2026-03-16,20.0,1,Other,7.6,3.39,2,1,32.1,0.0,Tablet,school_partner,scholarship,12.0,0,,,0.0,1
L-02499,2026-06-09,17.0,1,Other,8.7,4.76,4,5,61.1,0.0,Mobile,instagram,paid,4.0,1,82.5,duplicate?  check,1.0,0
L-00576,2026-04-08,16.0,3,Masters,3.6,2.32,1,0,38.1,0.0,Laptop,school_partner,free,12.0,N,,,0.0,1
L-01399,2026-03-15,27.0,2,High School,6.4,3.13,0,3,18.9,0.0,Mobile,school_partner,free,19.0,N,,follow up next intake,0.0,0
L-02298,2026-01-19,23.0,1,Diploma,8.5,3.69,2,0,50.7,0.0,Laptop,friend,paid,4.0,yes,82.9,,1.0,0
L-01424,2026-03-26,28.0,1,Bachelors,8.2,2.78,4,3,66.2,1.0,Laptop,friend,scholarship,12.0,0,52.2,,0.0,1
L-00404,2026-05-06,21.0,3,Other,9.4,3.89,3,2,80.5,0.0,Mobile,instagram,scholarship,3.0,1,83.3,asked about certificate,1.0,0
L-00436,2026-06-16,16.0,1,Bachelors,7.1,0.0,4,4,42.2,1.0,Laptop,youtube,scholarship,4.0,0,,,0.0,0
L-01751,2026-02-15,20.0,2,Bachelors,3.9,1.65,0,1,0.0,0.0,Laptop,youtube,paid,12.0,0,,called on phone,0.0,1
L-02365,2026-02-09,20.0,1,High School,1.0,1.86,2,0,37.8,0.0,Tablet,school_partner,free,20.0,N,53.9,follow up next intake,0.0,0
L-00548,2026-06-24,23.0,2,Other,4.3,2.95,6,3,71.9,0.0,Mobile,instagram,free,3.0,yes,80.4,asked about certificate,1.0,0
L-00719,2026-04-24,21.0,1,Other,6.4,4.56,5,12,60.0,0.0,Mobile,instagram,scholarship,7.0,No,,requested extension,0.0,0
L-00062,2026-04-24,15.0,2,Other,8.0,3.61,2,5,37.7,0.0,Mobile,instagram,scholarship,21.0,FALSE,,duplicate?  check,0.0,0
L-01816,2026-06-13,19.0,2,Bachelors,5.3,2.69,4,4,45.4,0.0,Laptop,youtube,free,8.0,TRUE,87.3,,1.0,0
L-00886,2026-05-07,16.0,2,Masters,8.2,0.63,2,2,22.2,0.0,Mobile,instagram,free,12.0,FALSE,,,0.0,1
L-02079,2026-04-27,24.0,2,Other,13.4,4.31,7,3,45.5,0.0,Desktop,ngo_outreach,paid,12.0,N,,requested extension,0.0,0
L-01317,2026-05-20,20.0,2,Bachelors,8.3,4.4,5,3,72.6,1.0,Laptop,school_partner,free,3.0,Y,80.3,,1.0,0
L-01275,2026-02-12,23.0,1,High School,6.7,2.7,1,5,81.1,0.0,Tablet,instagram,free,16.0,FALSE,,requested extension,0.0,0
L-00128,2026-03-24,22.0,2,Diploma,10.9,2.78,3,4,45.5,0.0,Desktop,friend,paid,7.0,No,,,0.0,0
L-00053,2026-04-24,15.0,1,Diploma,6.6,1.7,0,2,100.0,0.0,Mobile,school_partner,free,12.0,0,,,0.0,1
L-00910,2026-05-09,20.0,2,Other,9.8,5.21,6,3,54.7,1.0,Mobile,instagram,free,3.0,TRUE,61.1,,1.0,0
L-01256,2026-01-01,15.0,2,Bachelors,6.0,2.11,4,6,17.8,1.0,Laptop,school_partner,scholarship,12.0,1,81.8,,1.0,1
L-00587,2026-05-21,26.0,1,Unknown,4.8,3.17,4,1,41.0,0.0,Mobile,instagram,free,15.0,no,,,0.0,0
L-01723,2026-03-01,25.0,1,High School,5.7,4.52,3,1,40.1,0.0,Laptop,instagram,free,17.0,N,,duplicate?  check,0.0,0
L-00664,2026-06-18,19.0,2,Bachelors,9.7,3.38,6,1,88.2,1.0,Laptop,school_partner,scholarship,17.0,TRUE,94.9,duplicate?  check,1.0,0
L-02559,2026-02-07,20.0,1,Bachelors,6.7,3.11,2,3,50.7,0.0,Mobile,instagram,free,12.0,FALSE,,,0.0,1
L-02656,2026-04-16,20.0,2,Masters,2.4,1.89,0,1,70.9,0.0,Mobile,youtube,free,21.0,No,,,0.0,0
L-01060,2026-01-20,15.0,3,High School,9.5,2.48,7,7,24.0,0.0,Mobile,friend,free,12.0,FALSE,,,0.0,1
L-00432,2026-05-09,21.0,1,High School,2.8,0.41,3,0,65.0,1.0,Mobile,friend,free,17.0,0,,,0.0,0
L-01881,2026-01-17,22.0,3,Diploma,10.0,5.64,8,6,48.9,1.0,Mobile,ngo_outreach,free,14.0,yes,86.6,follow up next intake,1.0,0
L-01114,2026-06-27,21.0,2,High School,5.3,4.28,3,5,29.1,0.0,Mobile,ngo_outreach,free,13.0,0,,-,0.0,0
L-01920,2026-06-20,23.0,3,High School,6.6,2.37,4,1,36.9,0.0,Laptop,other,free,2.0,no,,,0.0,0
L-01425,2026-01-24,22.0,3,High School,7.2,3.13,2,2,0.0,0.0,Mobile,friend,paid,12.0,0,58.8,,0.0,1
L-01327,2026-03-09,21.0,2,Bachelors,5.4,3.14,5,2,11.8,1.0,Laptop,instagram,scholarship,7.0,No,34.9,requested extension,0.0,0
L-01907,2026-03-10,17.0,2,Bachelors,7.7,3.96,1,0,2.9,0.0,Mobile,ngo_outreach,paid,12.0,FALSE,,duplicate?  check,0.0,0
L-01706,2026-02-03,16.0,3,Diploma,6.9,4.64,3,3,34.3,1.0,Tablet,youtube,free,8.0,No,,asked about certificate,0.0,0
L-02451,2026-04-22,15.0,1,Unknown,8.6,1.8,3,0,50.0,1.0,Mobile,ngo_outreach,paid,4.0,No,51.4,duplicate?  check,0.0,0
L-00342,2026-01-20,20.0,3,Diploma,6.3,3.23,4,0,15.7,0.0,Mobile,instagram,free,13.0,no,,,0.0,0
L-01876,2026-03-20,27.0,3,High School,8.3,2.85,5,2,66.8,0.0,Laptop,other,scholarship,12.0,No,38.1,called on phone,0.0,1
L-00701,2026-02-04,17.0,3,Bachelors,6.2,0.48,0,5,100.0,0.0,Mobile,friend,free,18.0,No,,called on phone,0.0,0
L-00883,2026-06-08,24.0,1,Masters,6.6,2.79,6,2,52.0,0.0,Laptop,school_partner,scholarship,12.0,N,,,0.0,1
L-02164,2026-05-11,23.0,1,Bachelors,16.2,4.79,7,1,29.4,0.0,Mobile,youtube,scholarship,5.0,Yes,79.1,-,1.0,0
L-01561,2026-01-17,16.0,1,High School,2.6,0.22,2,3,26.5,1.0,Laptop,youtube,scholarship,5.0,N,,called on phone,0.0,0
L-01556,2026-04-10,28.0,Unknown,High School,11.1,0.4,1,1,68.0,1.0,Mobile,school_partner,free,20.0,N,,,0.0,0
L-01925,2026-05-20,19.0,3,Bachelors,6.4,2.69,3,11,74.0,0.0,Mobile,youtube,free,10.0,N,,follow up next intake,0.0,0
L-02496,2026-02-28,15.0,Unknown,High School,11.6,1.33,0,3,12.0,0.0,Laptop,ngo_outreach,scholarship,12.0,0,,requested extension,0.0,1
L-00178,2026-01-15,25.0,1,Bachelors,5.8,3.86,2,4,45.5,0.0,Laptop,youtube,scholarship,2.0,no,,asked about certificate,0.0,0
L-01753,2026-02-20,22.0,1,Bachelors,7.1,1.61,1,2,100.0,1.0,Laptop,school_partner,free,12.0,FALSE,,asked about certificate,0.0,1
L-00679,2026-06-23,23.0,2,High School,6.4,2.9,6,5,44.6,0.0,Desktop,ngo_outreach,free,18.0,N,,-,0.0,0
L-01443,2026-05-17,15.0,3,Bachelors,7.6,2.98,5,3,44.9,0.0,Laptop,youtube,scholarship,10.0,yes,75.8,requested extension,1.0,0
L-02334,2026-04-17,15.0,2,Diploma,9.4,3.36,3,10,5.8,1.0,Mobile,youtube,free,12.0,0,38.8,,0.0,1
L-00857,2026-05-22,36.0,2,Bachelors,6.1,0.0,0,5,0.0,1.0,Laptop,youtube,free,12.0,1,,-,0.0,1
L-00449,2026-01-20,24.0,1,Diploma,3.0,4.24,7,4,45.5,0.0,Laptop,instagram,free,14.0,Yes,80.4,duplicate?  check,1.0,0
L-01974,2026-04-02,21.0,2,Bachelors,9.9,3.62,0,2,0.3,0.0,Mobile,instagram,paid,2.0,no,36.6,,0.0,0
L-01653,2026-05-18,22.0,1,Diploma,7.1,4.47,7,2,40.2,0.0,Desktop,instagram,scholarship,12.0,No,,,0.0,1
L-01997,2026-04-28,25.0,3,High School,6.7,5.3,5,2,37.1,0.0,Mobile,friend,free,12.0,0,53.6,called on phone,0.0,1
L-01262,2026-02-17,21.0,2,Bachelors,13.7,4.93,4,4,80.0,0.0,Laptop,youtube,scholarship,12.0,No,,,0.0,1
L-01618,2026-01-07,27.0,1,Bachelors,6.0,4.67,6,8,41.0,0.0,Laptop,instagram,free,2.0,Yes,69.8,follow up next intake,1.0,0
L-01030,2026-04-14,20.0,1,High School,12.3,6.42,7,7,22.7,1.0,Mobile,other,scholarship,21.0,FALSE,,,0.0,0
L-00049,2026-06-15,25.0,2,Diploma,5.2,3.46,3,5,45.5,-1.0,Mobile,friend,free,12.0,TRUE,74.8,called on phone,1.0,0
L-00953,2026-01-09,22.0,2,Bachelors,7.6,3.66,2,5,71.5,0.0,Mobile,youtube,scholarship,5.0,N,60.3,,0.0,0
L-00666,2026-04-16,21.0,2,High School,7.4,6.17,2,4,73.8,1.0,Mobile,school_partner,scholarship,16.0,yes,79.2,,1.0,0
L-00959,2026-02-15,15.0,2,Bachelors,9.2,0.07,4,1,36.4,0.0,Mobile,school_partner,free,12.0,no,,,0.0,1
L-02724,2026-01-02,19.0,3,Diploma,9.8,3.6,5,4,30.3,0.0,Mobile,ngo_outreach,scholarship,21.0,no,,,0.0,0
L-00690,2026-01-08,26.0,2,High School,9.9,2.54,4,4,37.9,1.0,Mobile,school_partner,free,12.0,0,59.9,duplicate?  check,0.0,1
L-01942,2026-04-14,20.0,1,Bachelors,1.1,4.17,1,0,34.3,0.0,Desktop,instagram,scholarship,12.0,N,,follow up next intake,0.0,1
L-00868,2026-04-28,21.0,3,Bachelors,5.2,1.93,4,4,30.0,1.0,Laptop,instagram,scholarship,15.0,No,,called on phone,0.0,0
L-00096,2026-01-28,23.0,1,High School,3.8,0.95,0,4,2.3,1.0,Laptop,youtube,paid,12.0,No,,,0.0,1
L-02067,2026-02-19,16.0,1,Bachelors,6.6,3.22,4,4,80.3,0.0,Desktop,instagram,scholarship,12.0,No,,requested extension,0.0,1
L-01744,2026-06-14,15.0,2,Bachelors,7.6,0.63,5,5,25.8,1.0,Desktop,school_partner,free,19.0,no,32.3,,0.0,0
L-01107,2026-03-09,24.0,2,Diploma,7.1,3.11,5,3,0.0,1.0,Laptop,instagram,paid,12.0,No,,requested extension,0.0,1
L-00991,2026-02-14,24.0,2,Diploma,7.1,3.49,0,2,34.0,1.0,Mobile,school_partner,free,10.0,No,,asked about certificate,0.0,0
L-01966,2026-03-20,23.0,1,High School,2.2,3.13,9,10,74.8,0.0,Tablet,school_partner,free,4.0,Yes,85.4,,1.0,0
L-01058,2026-02-20,26.0,1,High School,12.0,2.9,4,2,79.8,1.0,Laptop,ngo_outreach,free,12.0,FALSE,,,0.0,1
L-00941,2026-01-11,17.0,1,Bachelors,11.6,4.56,3,3,45.3,0.0,Mobile,youtube,paid,7.0,No,,,0.0,0
L-00839,2026-05-05,29.0,1,Other,7.5,2.7,4,2,62.8,0.0,Laptop,friend,free,14.0,1,75.2,asked about certificate,1.0,0
L-02125,2026-01-13,19.0,1,Bachelors,9.3,2.57,3,4,21.4,1.0,Laptop,school_partner,paid,12.0,FALSE,,,0.0,1
L-02755,2026-04-13,19.0,1,Bachelors,7.8,0.0,1,5,0.0,1.0,Mobile,ngo_outreach,free,12.0,no,27.4,follow up next intake,0.0,1
L-01193,2026-03-18,20.0,2,Bachelors,3.0,3.21,0,3,29.0,0.0,Mobile,school_partner,free,12.0,0,,,0.0,1
L-00659,2026-04-18,20.0,1,Bachelors,5.6,4.45,10,1,70.5,1.0,Laptop,school_partner,free,19.0,TRUE,83.2,,1.0,0
L-00518,2026-06-16,28.0,2,Bachelors,10.9,5.34,3,1,69.7,0.0,Laptop,youtube,scholarship,11.0,TRUE,72.2,called on phone,1.0,0
L-02123,2026-03-21,26.0,1,Masters,5.6,4.07,2,3,41.6,1.0,Mobile,ngo_outreach,free,19.0,No,,,0.0,0
L-02267,2026-02-03,15.0,2,High School,7.1,4.84,0,1,39.1,0.0,Mobile,other,scholarship,4.0,yes,82.9,-,1.0,0
L-00510,2026-03-21,17.0,2,Diploma,3.3,2.84,2,4,34.0,0.0,Mobile,school_partner,scholarship,16.0,N,,duplicate?  check,0.0,0
L-01821,2026-02-15,21.0,3,Bachelors,10.8,3.03,3,0,76.0,0.0,Mobile,friend,free,6.0,N,44.7,-,0.0,0
L-00155,2026-01-20,19.0,2,Unknown,8.1,5.39,10,8,97.5,0.0,Desktop,youtube,paid,20.0,yes,78.6,-,1.0,0
L-01453,2026-04-02,21.0,Unknown,High School,7.1,2.19,0,3,25.0,0.0,Desktop,youtube,free,12.0,FALSE,,asked about certificate,0.0,1
L-02717,2026-03-25,19.0,2,Diploma,11.3,6.98,4,3,60.4,0.0,Mobile,other,scholarship,2.0,FALSE,,,0.0,0
L-00697,2026-05-07,21.0,2,Diploma,17.2,3.72,0,9,78.8,0.0,Laptop,friend,scholarship,12.0,No,,follow up next intake,0.0,1
L-00782,2026-01-16,15.0,2,Bachelors,13.1,3.94,4,2,56.1,0.0,Mobile,instagram,free,12.0,N,,,0.0,1
L-01301,2026-04-10,26.0,1,Bachelors,11.6,2.94,3,2,30.7,0.0,Tablet,friend,free,12.0,N,,,0.0,1
L-01282,2026-03-13,22.0,1,Bachelors,6.4,2.18,4,3,8.6,1.0,Mobile,school_partner,scholarship,12.0,No,,,0.0,1
L-01474,2026-04-16,28.0,3,Masters,3.1,3.62,3,3,26.1,0.0,Mobile,instagram,scholarship,6.0,N,,called on phone,0.0,0
L-02081,2026-05-27,15.0,1,Bachelors,8.0,3.86,1,0,42.4,1.0,Laptop,school_partner,paid,19.0,Y,82.3,duplicate?  check,1.0,0
L-02373,2026-05-27,27.0,2,Other,10.2,5.5,4,1,85.1,1.0,Mobile,instagram,paid,3.0,1,67.8,called on phone,1.0,0
L-02273,2026-03-07,18.0,2,Bachelors,3.5,1.93,3,2,33.0,1.0,Laptop,friend,free,7.0,No,,duplicate?  check,0.0,0
L-00321,2026-06-04,18.0,3,Bachelors,13.2,4.37,6,2,55.7,1.0,Laptop,friend,free,16.0,No,,,0.0,0
L-02592,2026-06-28,26.0,2,High School,6.5,3.13,7,7,51.4,0.0,Mobile,school_partner,scholarship,3.0,FALSE,,,0.0,0
L-02333,2026-01-05,23.0,2,Bachelors,10.3,3.41,4,4,56.1,0.0,Mobile,instagram,paid,10.0,0,,duplicate?  check,0.0,0
L-00016,2026-03-14,19.0,1,Bachelors,4.3,3.85,6,1,99.3,0.0,Laptop,instagram,free,6.0,Y,74.1,,1.0,0
L-01754,2026-01-12,24.0,2,Diploma,7.7,0.49,3,4,10.3,-1.0,Laptop,friend,paid,12.0,0,,duplicate?  check,0.0,1
L-00019,2026-01-18,15.0,1,Bachelors,8.1,4.57,6,5,47.7,0.0,Mobile,friend,free,12.0,FALSE,,,0.0,1
L-00396,2026-01-11,18.0,1,Other,4.9,0.0,1,5,12.0,0.0,Mobile,school_partner,paid,12.0,no,,requested extension,0.0,1
L-00862,2026-06-28,15.0,2,High School,3.2,5.41,2,1,45.9,0.0,Mobile,instagram,paid,5.0,Yes,72.0,duplicate?  check,1.0,0
L-01491,2026-02-03,20.0,2,Bachelors,5.4,5.09,3,1,65.4,0.0,Laptop,youtube,scholarship,18.0,Y,89.2,,1.0,0
L-01264,2026-02-25,21.0,2,Bachelors,10.8,4.39,0,2,53.6,0.0,Desktop,instagram,paid,12.0,No,,requested extension,0.0,1
L-01335,2026-02-19,16.0,2,High School,8.3,2.26,5,6,21.9,0.0,Tablet,school_partner,free,12.0,0,,,0.0,0
L-02198,2026-06-28,17.0,2,Masters,6.4,0.0,4,2,8.6,0.0,Laptop,school_partner,scholarship,12.0,1,,,0.0,1
L-02394,2026-01-15,22.0,2,High School,2.5,0.89,4,2,45.5,0.0,Laptop,instagram,free,20.0,N,,,0.0,0
L-01348,2026-03-13,23.0,3,Bachelors,9.7,4.23,4,2,42.0,0.0,Mobile,friend,scholarship,1.0,Y,83.6,,1.0,0
L-01137,2026-02-22,15.0,2,High School,8.8,2.89,2,4,26.5,1.0,Mobile,youtube,scholarship,15.0,0,,asked about certificate,0.0,0
L-01815,2026-02-17,17.0,1,Diploma,5.5,3.13,3,5,29.6,0.0,Laptop,school_partner,scholarship,12.0,FALSE,,requested extension,0.0,1
L-00844,2026-04-21,15.0,2,High School,11.2,3.24,0,1,44.8,1.0,Laptop,school_partner,paid,4.0,Y,76.6,,1.0,0
L-01820,2026-04-01,25.0,3,Bachelors,8.8,0.0,3,4,33.4,0.0,Laptop,youtube,free,19.0,no,,,0.0,0
L-00408,2026-01-28,19.0,2,High School,1.0,2.68,3,2,50.2,1.0,Mobile,youtube,scholarship,8.0,yes,86.4,duplicate?  check,1.0,0
L-01668,2026-01-23,21.0,2,High School,4.6,3.13,5,1,39.5,0.0,Mobile,school_partner,paid,2.0,Yes,96.4,,1.0,0
L-00148,2026-05-09,17.0,1,Masters,7.1,4.59,6,1,37.8,1.0,Desktop,friend,free,6.0,Y,100.0,,1.0,0
L-02510,2026-04-02,15.0,1,High School,4.6,2.21,2,6,52.2,0.0,Tablet,friend,free,5.0,FALSE,,duplicate?  check,0.0,0
L-01387,2026-01-21,19.0,2,Unknown,8.9,0.0,0,7,45.5,0.0,Mobile,instagram,free,14.0,FALSE,,called on phone,0.0,0
L-01473,2026-01-15,26.0,2,Bachelors,6.7,2.68,3,8,18.0,0.0,Mobile,instagram,free,11.0,0,,,0.0,0
L-02130,2026-06-08,26.0,2,High School,7.6,4.33,3,7,67.3,0.0,Laptop,other,paid,14.0,1,61.9,duplicate?  check,1.0,0
L-02738,2026-03-12,21.0,1,Masters,3.6,5.79,7,2,80.6,0.0,Desktop,other,scholarship,8.0,1,67.8,follow up next intake,1.0,0
L-02759,2026-02-21,20.0,2,Bachelors,6.9,4.48,4,1,36.2,1.0,Laptop,friend,free,12.0,FALSE,,,0.0,1
L-00380,2026-03-14,15.0,1,High School,14.5,4.63,7,9,82.1,0.0,Mobile,ngo_outreach,scholarship,4.0,yes,80.7,follow up next intake,1.0,0
L-02057,2026-06-23,25.0,3,High School,2.8,0.27,1,5,34.6,-1.0,Mobile,ngo_outreach,free,12.0,0,62.0,asked about certificate,0.0,0
L-01117,2026-02-26,26.0,2,High School,3.6,1.49,3,2,0.0,0.0,Mobile,other,scholarship,12.0,1,59.6,follow up next intake,1.0,1
L-01388,2026-04-25,20.0,1,High School,4.8,2.61,1,0,12.3,0.0,Mobile,instagram,free,12.0,TRUE,62.0,,0.0,1
L-01174,2026-05-21,20.0,3,High School,2.7,5.51,6,0,61.1,0.0,Mobile,school_partner,free,2.0,N,,,0.0,0
L-01340,2026-06-10,22.0,3,High School,7.4,3.94,5,2,42.3,1.0,Mobile,friend,paid,16.0,Y,85.3,,1.0,0
L-02010,2026-06-12,25.0,2,Masters,6.2,4.16,5,3,51.3,0.0,Laptop,instagram,scholarship,14.0,Y,78.3,-,1.0,0
L-02641,2026-05-28,19.0,3,Bachelors,9.4,2.83,4,1,37.9,1.0,Desktop,friend,scholarship,16.0,FALSE,39.4,called on phone,0.0,0
L-02535,2026-05-24,23.0,1,Other,6.3,2.95,3,1,55.5,0.0,Mobile,friend,scholarship,7.0,TRUE,71.9,asked about certificate,1.0,0
L-02280,2026-03-01,21.0,3,Masters,10.5,4.71,2,2,57.4,0.0,Laptop,instagram,free,0.0,TRUE,68.5,,1.0,0
L-01956,2026-01-03,24.0,3,High School,3.1,4.84,3,2,63.3,1.0,Mobile,instagram,free,12.0,TRUE,79.1,asked about certificate,1.0,1
L-02625,2026-03-21,25.0,2,High School,8.6,0.0,0,7,58.3,1.0,Mobile,friend,free,12.0,No,,called on phone,0.0,1
L-02706,2026-06-24,18.0,2,Bachelors,9.7,2.35,2,2,30.3,0.0,Mobile,instagram,scholarship,12.0,0,,,0.0,1
L-02218,2026-01-27,28.0,Unknown,High School,2.2,1.16,3,1,31.6,0.0,Mobile,school_partner,free,12.0,no,,,0.0,1
L-02324,2026-04-19,20.0,2,Bachelors,8.7,6.53,9,13,73.8,1.0,Laptop,other,free,2.0,Yes,90.1,asked about certificate,1.0,0
L-02439,2026-06-18,21.0,1,High School,5.5,2.3,1,0,24.4,0.0,Laptop,friend,free,12.0,no,,,0.0,1
L-02545,2026-05-10,20.0,3,High School,4.2,1.61,7,1,81.6,1.0,Laptop,school_partner,paid,4.0,yes,87.8,follow up next intake,1.0,0
L-01745,2026-03-22,20.0,2,High School,7.8,5.06,7,3,82.7,1.0,Mobile,instagram,free,12.0,N,,,0.0,1
L-00745,2026-03-18,15.0,1,Diploma,5.3,1.37,1,2,56.3,0.0,Laptop,friend,paid,12.0,No,,-,0.0,1
L-01631,2026-03-19,22.0,3,Bachelors,5.8,3.13,7,1,54.6,0.0,Mobile,instagram,paid,0.0,TRUE,70.1,follow up next intake,1.0,0
L-01250,2026-03-03,18.0,1,High School,9.4,5.59,7,7,100.0,1.0,Laptop,school_partner,scholarship,1.0,Y,73.3,,1.0,0
L-02128,2026-05-18,15.0,1,High School,11.2,1.79,1,2,8.5,1.0,Mobile,school_partner,scholarship,12.0,FALSE,,follow up next intake,0.0,1
L-01120,2026-03-26,21.0,3,High School,6.1,3.65,0,4,45.5,0.0,Laptop,youtube,scholarship,16.0,N,,-,0.0,0
L-00694,2026-05-19,18.0,2,Other,8.1,2.44,5,2,37.0,0.0,Mobile,friend,paid,13.0,0,,follow up next intake,0.0,0
L-01236,2026-03-24,19.0,2,High School,5.5,0.72,4,2,87.0,0.0,Mobile,youtube,free,11.0,N,,requested extension,0.0,0
L-00827,2026-03-22,22.0,1,High School,5.7,2.97,0,2,1.4,0.0,Mobile,school_partner,paid,12.0,0,45.1,asked about certificate,0.0,1
L-02669,2026-03-05,15.0,1,Masters,5.2,3.43,5,2,39.0,0.0,Mobile,instagram,free,2.0,0,,,0.0,0
L-01237,2026-06-27,22.0,2,Masters,9.4,3.05,0,2,43.8,0.0,Mobile,youtube,paid,17.0,no,47.3,,0.0,0
L-02029,2026-04-18,19.0,2,Diploma,1.1,3.27,3,1,24.1,0.0,Laptop,friend,free,12.0,FALSE,,follow up next intake,0.0,1
L-02432,2026-06-02,23.0,2,Bachelors,1.0,4.42,9,5,75.6,1.0,Laptop,instagram,paid,7.0,TRUE,87.8,duplicate?  check,1.0,0
L-02769,2026-06-08,23.0,1,Other,7.7,4.41,10,3,61.7,0.0,Mobile,youtube,paid,8.0,Y,65.5,-,1.0,0
L-02490,2026-05-12,21.0,2,Bachelors,2.3,4.73,2,0,37.9,1.0,Mobile,ngo_outreach,free,20.0,no,,,0.0,0
L-02375,2026-06-15,23.0,2,High School,8.3,3.48,4,6,45.4,1.0,Laptop,other,free,12.0,FALSE,,,0.0,0
L-00278,2026-03-09,25.0,1,High School,7.6,1.44,4,4,43.6,1.0,Mobile,instagram,paid,12.0,N,,duplicate?  check,0.0,1
L-02245,2026-04-13,25.0,3,Bachelors,4.9,2.87,0,2,2.1,0.0,Mobile,school_partner,paid,11.0,No,,,0.0,0
L-01449,2026-06-17,26.0,1,Bachelors,13.5,2.62,1,1,61.4,1.0,Desktop,school_partner,scholarship,4.0,Yes,81.4,asked about certificate,1.0,0
L-02101,2026-01-22,21.0,1,Bachelors,2.6,2.57,4,3,63.8,1.0,Laptop,ngo_outreach,paid,20.0,no,,,0.0,0
L-00137,2026-05-28,21.0,3,Diploma,8.1,3.85,3,4,29.2,0.0,Mobile,school_partner,scholarship,12.0,no,,,0.0,1
L-02387,2026-06-25,15.0,3,High School,3.9,2.85,3,2,39.0,1.0,Mobile,instagram,scholarship,12.0,N,47.6,follow up next intake,0.0,1
L-01488,2026-02-19,21.0,2,High School,10.1,5.61,5,4,39.5,0.0,Mobile,instagram,scholarship,16.0,yes,72.1,,1.0,0
L-01698,2026-04-19,18.0,1,Bachelors,6.1,3.39,8,5,36.9,1.0,Mobile,friend,paid,12.0,Yes,84.0,,1.0,1
L-00256,2026-03-15,23.0,2,High School,6.3,4.11,4,3,63.8,0.0,Laptop,friend,free,13.0,no,,,0.0,0
L-01835,2026-02-17,25.0,1,Masters,7.1,3.32,7,5,59.7,0.0,Mobile,school_partner,free,16.0,Yes,78.7,,1.0,0
L-00048,2026-04-21,16.0,1,High School,7.8,4.65,7,6,45.5,1.0,Desktop,friend,free,16.0,TRUE,21.1,,0.0,0
L-01617,2026-05-28,28.0,2,Bachelors,7.1,0.4,0,10,1.8,0.0,Mobile,youtube,free,12.0,no,,follow up next intake,0.0,1
L-00446,2026-06-23,21.0,2,Bachelors,7.1,3.31,6,8,81.9,0.0,Mobile,ngo_outreach,scholarship,3.0,1,71.6,,1.0,0
L-02221,2026-02-28,22.0,3,High School,3.0,3.41,2,0,44.2,0.0,Mobile,school_partner,free,12.0,N,37.5,duplicate?  check,0.0,1
L-01172,2026-06-02,17.0,3,Other,1.0,4.81,9,5,60.7,0.0,Laptop,other,paid,2.0,yes,77.3,follow up next intake,1.0,0
L-00181,2026-06-01,21.0,2,Masters,11.3,3.56,6,2,65.3,0.0,Mobile,other,free,12.0,0,,called on phone,0.0,1
L-01124,2026-03-04,22.0,3,Bachelors,4.3,2.59,2,0,33.7,0.0,Desktop,friend,paid,12.0,N,,,0.0,1
L-00962,2026-02-24,16.0,2,Masters,8.9,4.6,9,0,79.6,0.0,Mobile,school_partner,free,8.0,No,,duplicate?  check,0.0,0
L-02579,2026-06-13,17.0,2,Unknown,6.0,1.35,6,4,37.7,1.0,Mobile,instagram,scholarship,12.0,Yes,69.9,-,1.0,1
L-00958,2026-04-02,20.0,2,Masters,10.3,2.59,4,4,3.6,0.0,Desktop,instagram,free,12.0,N,,,0.0,1
L-01465,2026-06-19,20.0,3,Diploma,11.9,3.16,8,6,62.5,1.0,Laptop,friend,free,12.0,Yes,48.8,called on phone,1.0,1
L-00332,2026-01-10,23.0,3,High School,5.9,0.0,6,5,59.5,0.0,Laptop,friend,paid,12.0,FALSE,,,0.0,0
L-01369,2026-06-09,20.0,3,High School,10.5,2.98,3,2,48.1,0.0,Laptop,school_partner,free,21.0,1,68.6,,1.0,0
L-01014,2026-05-27,17.0,1,Bachelors,7.1,4.0,3,2,44.7,0.0,Mobile,youtube,paid,21.0,TRUE,81.7,,1.0,0
L-00823,2026-02-02,15.0,2,Unknown,4.2,0.0,2,5,0.0,0.0,Tablet,youtube,paid,12.0,no,,,0.0,1
L-00459,2026-04-08,21.0,1,Diploma,3.7,2.58,1,1,20.4,1.0,Laptop,instagram,scholarship,12.0,FALSE,,,0.0,1
L-01428,2026-01-24,22.0,2,Bachelors,8.7,3.23,3,1,3.5,0.0,Mobile,school_partner,free,12.0,no,,,0.0,1
L-00672,2026-01-26,16.0,3,High School,10.5,4.55,6,4,13.9,0.0,Mobile,instagram,paid,2.0,0,34.6,,0.0,0
L-00501,2026-05-01,23.0,Unknown,Masters,13.6,5.56,5,4,32.6,0.0,Desktop,instagram,free,12.0,No,,asked about certificate,0.0,1
L-02355,2026-04-16,18.0,1,Bachelors,1.9,1.39,5,0,50.2,1.0,Desktop,friend,free,16.0,1,78.2,,1.0,0
L-02647,2026-03-04,22.0,3,Bachelors,1.0,5.62,6,6,62.7,-1.0,Mobile,instagram,free,16.0,1,74.3,,1.0,0
L-01440,2026-05-05,17.0,1,Bachelors,4.6,3.97,4,7,44.0,0.0,Mobile,school_partner,free,12.0,0,,,0.0,1
L-02179,2026-03-06,20.0,1,Diploma,4.5,1.22,5,2,65.2,0.0,Desktop,school_partner,paid,12.0,N,,requested extension,0.0,1
L-00800,2026-04-22,20.0,3,Bachelors,11.3,3.6,8,5,45.5,1.0,Mobile,friend,scholarship,7.0,Y,67.5,,1.0,0
L-02424,2026-05-22,22.0,1,Unknown,6.2,4.66,4,5,55.7,0.0,Laptop,instagram,free,13.0,Y,72.7,,1.0,0
L-01906,2026-03-13,22.0,2,Bachelors,13.7,4.36,6,5,74.3,1.0,Laptop,ngo_outreach,scholarship,16.0,1,83.4,,1.0,0
L-01464,2026-05-09,21.0,3,High School,12.8,4.53,5,4,45.5,1.0,Mobile,instagram,free,19.0,yes,83.6,,1.0,0
L-00308,2026-06-28,21.0,2,High School,5.1,3.78,5,2,31.6,0.0,Mobile,ngo_outreach,free,14.0,0,,duplicate?  check,0.0,0
L-01158,2026-01-08,22.0,3,Bachelors,5.4,3.13,1,1,8.1,0.0,Mobile,friend,free,5.0,N,,,0.0,0
L-01737,2026-03-03,23.0,2,High School,13.2,0.26,1,0,0.0,1.0,Mobile,friend,free,12.0,No,,,0.0,1
L-01482,2026-03-26,23.0,2,High School,1.0,2.4,0,3,0.0,1.0,Laptop,ngo_outreach,scholarship,12.0,N,,,0.0,1
L-01108,2026-04-19,21.0,3,High School,5.3,3.09,5,0,45.7,0.0,Mobile,instagram,scholarship,12.0,Yes,80.4,,1.0,1
L-00258,2026-03-14,25.0,3,Bachelors,4.3,5.01,6,6,100.0,0.0,Laptop,friend,free,6.0,1,74.4,-,1.0,0
L-00676,2026-01-13,22.0,3,Diploma,7.1,3.3,5,6,41.3,0.0,Laptop,friend,free,12.0,no,,asked about certificate,0.0,1
L-00193,2026-06-04,35.0,3,Bachelors,1.5,6.23,6,5,63.8,0.0,Mobile,school_partner,free,12.0,1,79.0,follow up next intake,1.0,1
L-01421,2026-01-09,23.0,1,Bachelors,8.8,5.31,3,7,22.8,0.0,Mobile,friend,free,15.0,N,,follow up next intake,0.0,0
L-02284,2026-02-17,17.0,1,Diploma,7.4,3.56,3,5,7.2,0.0,Mobile,instagram,free,20.0,0,,,0.0,0
L-01958,2026-01-22,15.0,2,Bachelors,9.0,2.66,3,1,58.3,1.0,Laptop,other,scholarship,19.0,no,,follow up next intake,0.0,0
L-01304,2026-04-10,15.0,3,High School,1.8,5.44,5,2,79.7,0.0,Mobile,other,free,15.0,no,,,0.0,0
L-02534,2026-01-20,25.0,2,Bachelors,7.8,2.63,5,2,45.5,0.0,Laptop,friend,paid,14.0,0,,follow up next intake,0.0,0
L-01393,2026-02-17,16.0,1,Bachelors,8.0,2.97,4,3,23.3,0.0,Desktop,instagram,free,12.0,Y,41.7,,0.0,1
L-02074,2026-06-14,18.0,2,High School,4.3,3.97,1,1,35.5,1.0,Laptop,ngo_outreach,paid,12.0,Y,51.2,-,1.0,1
L-02663,2026-03-12,24.0,1,Unknown,9.8,0.0,0,5,17.8,0.0,Tablet,instagram,free,16.0,no,,,0.0,0
L-02604,2026-01-14,23.0,2,High School,3.5,3.96,6,2,45.5,0.0,Mobile,other,free,1.0,No,48.4,-,0.0,0
L-01984,2026-01-19,17.0,1,High School,5.4,5.95,7,6,85.2,0.0,Mobile,friend,free,5.0,TRUE,75.2,requested extension,1.0,0
L-01372,2026-06-17,23.0,1,Diploma,6.7,3.94,4,1,0.0,1.0,Desktop,school_partner,paid,11.0,Y,34.3,called on phone,0.0,0
L-01582,2026-02-27,18.0,2,Bachelors,8.2,2.71,1,2,67.9,1.0,Mobile,friend,paid,10.0,N,,,0.0,0
L-01975,2026-01-18,22.0,1,Unknown,8.8,3.75,2,2,61.1,1.0,Laptop,ngo_outreach,scholarship,12.0,No,,,0.0,1
L-01600,2026-03-07,15.0,Unknown,High School,6.0,2.78,3,3,33.4,1.0,Mobile,school_partner,free,12.0,FALSE,,follow up next intake,0.0,1
L-02199,2026-02-24,21.0,1,High School,2.8,4.2,2,1,67.4,1.0,Mobile,school_partner,free,12.0,Y,81.5,,1.0,1
L-02158,2026-02-27,18.0,1,Bachelors,5.6,4.78,3,5,82.4,0.0,Laptop,friend,free,12.0,no,,-,0.0,1
L-00089,2026-02-15,18.0,2,High School,9.5,2.09,0,3,60.7,0.0,Mobile,friend,scholarship,12.0,N,42.2,follow up next intake,0.0,1
L-02716,2026-02-05,15.0,2,Unknown,3.4,1.28,3,5,35.1,0.0,Mobile,other,free,12.0,N,,asked about certificate,0.0,1
L-00023,2026-03-14,24.0,Unknown,Masters,4.9,0.41,0,5,38.7,0.0,Laptop,instagram,free,12.0,FALSE,,,0.0,1
L-02456,2026-02-16,26.0,1,Bachelors,7.7,5.59,8,1,24.1,0.0,Desktop,youtube,free,14.0,Y,72.8,,1.0,0
L-02548,2026-04-08,19.0,3,High School,2.5,1.15,4,4,64.8,0.0,Mobile,friend,paid,12.0,yes,79.7,called on phone,1.0,1
L-02402,2026-01-20,19.0,3,Bachelors,8.1,2.61,3,4,42.5,1.0,Desktop,ngo_outreach,scholarship,19.0,0,,,0.0,0
L-00770,2026-06-24,23.0,1,Bachelors,11.6,6.41,5,5,75.3,1.0,Mobile,school_partner,scholarship,1.0,TRUE,80.3,,1.0,0
L-00112,2026-04-13,24.0,3,Diploma,9.6,4.97,3,7,100.0,1.0,Mobile,other,paid,21.0,Y,69.8,duplicate?  check,1.0,0
L-01499,2026-05-14,23.0,3,Other,7.2,2.0,0,2,35.9,0.0,Tablet,youtube,free,16.0,Yes,65.1,,1.0,0
L-02078,2026-01-07,24.0,2,Masters,3.1,0.26,0,2,45.5,0.0,Tablet,ngo_outreach,free,12.0,No,,,0.0,1
L-01418,2026-05-12,28.0,2,Diploma,15.3,2.15,4,1,43.4,0.0,Desktop,other,scholarship,1.0,N,60.2,,1.0,0
L-02236,2026-02-10,19.0,2,Other,7.5,5.17,6,5,45.0,1.0,Tablet,friend,scholarship,5.0,1,92.3,called on phone,1.0,0
L-00990,2026-04-26,22.0,1,Bachelors,6.9,0.0,4,4,10.6,1.0,Laptop,instagram,free,12.0,no,,,0.0,1
L-02657,2026-06-23,23.0,2,High School,5.9,3.89,4,8,36.4,1.0,Mobile,school_partner,scholarship,12.0,N,,,0.0,1
L-02624,2026-01-04,22.0,3,Masters,5.4,3.13,3,3,49.8,0.0,Laptop,school_partner,scholarship,12.0,no,,,0.0,1
L-02325,2026-01-28,18.0,1,Diploma,3.8,2.13,5,2,41.0,0.0,Laptop,youtube,paid,3.0,N,,,0.0,0
L-02007,2026-04-24,15.0,1,High School,5.7,5.31,3,1,50.3,1.0,Tablet,ngo_outreach,free,8.0,0,,-,0.0,0
L-01752,2026-01-24,20.0,3,Diploma,7.1,4.34,0,5,46.3,1.0,Mobile,instagram,scholarship,12.0,N,,follow up next intake,0.0,1
L-00059,2026-03-16,32.0,1,Bachelors,9.6,3.63,5,4,63.4,0.0,Tablet,youtube,paid,10.0,0,82.3,,1.0,0
L-01892,2026-06-19,28.0,2,Masters,9.0,3.44,7,6,40.3,1.0,Laptop,school_partner,scholarship,5.0,Y,100.0,,1.0,0
L-01211,2026-02-13,22.0,1,High School,7.8,3.67,8,0,35.5,0.0,Mobile,instagram,free,9.0,yes,79.9,asked about certificate,1.0,0
L-01129,2026-06-16,27.0,3,High School,10.3,2.83,2,3,35.1,0.0,Mobile,school_partner,free,12.0,no,,-,0.0,1
L-00440,2026-03-16,24.0,1,Diploma,3.7,1.21,1,0,38.6,0.0,Mobile,instagram,scholarship,12.0,FALSE,,duplicate?  check,0.0,1
L-02230,2026-04-09,20.0,2,High School,6.4,3.18,3,2,7.5,1.0,Laptop,school_partner,free,20.0,N,,duplicate?  check,0.0,0
L-01713,2026-05-23,15.0,2,High School,6.6,3.76,4,2,16.8,0.0,Laptop,ngo_outreach,scholarship,2.0,No,,,0.0,0
L-01946,2026-05-26,23.0,2,Bachelors,2.1,1.92,1,4,34.8,0.0,Laptop,ngo_outreach,scholarship,20.0,N,,requested extension,0.0,0
L-00359,2026-05-15,21.0,2,Bachelors,3.2,0.94,0,2,46.0,0.0,Desktop,ngo_outreach,paid,2.0,FALSE,,,0.0,0
L-01734,2026-04-13,22.0,1,Diploma,7.4,1.55,4,4,33.9,1.0,Mobile,school_partner,scholarship,12.0,no,,-,0.0,1
L-01936,2026-02-05,16.0,3,High School,11.1,4.26,6,7,39.4,0.0,Laptop,instagram,free,11.0,yes,88.1,,1.0,0
L-02528,2026-01-10,28.0,1,Diploma,6.5,2.3,9,8,42.5,1.0,Laptop,instagram,free,1.0,Yes,82.2,,1.0,0
L-00908,2026-04-23,19.0,3,High School,4.0,3.89,2,0,80.9,1.0,Laptop,instagram,free,18.0,No,,,0.0,0
L-02118,2026-01-15,22.0,2,High School,10.7,0.93,3,2,60.6,0.0,Mobile,other,free,12.0,No,30.6,duplicate?  check,0.0,1
L-01860,2026-01-13,18.0,2,Diploma,6.3,4.51,4,6,81.4,0.0,Laptop,instagram,paid,4.0,No,,called on phone,0.0,0
L-00433,2026-05-12,24.0,2,High School,11.9,5.02,10,6,45.5,0.0,Mobile,youtube,paid,10.0,TRUE,74.5,,1.0,0
L-01368,2026-06-04,24.0,3,Bachelors,4.7,2.37,1,2,3.6,1.0,Mobile,youtube,scholarship,12.0,No,,,0.0,1
L-02313,2026-04-03,15.0,1,High School,10.3,1.46,0,0,46.2,0.0,Laptop,youtube,free,7.0,0,,requested extension,0.0,0
L-02504,2026-01-04,18.0,2,High School,2.0,0.0,2,2,36.8,0.0,Desktop,friend,scholarship,16.0,No,,,0.0,0
L-00261,2026-06-07,21.0,3,High School,1.7,1.3,0,1,20.7,0.0,Laptop,youtube,free,16.0,0,,duplicate?  check,0.0,0
L-02603,2026-04-26,15.0,2,Bachelors,10.6,5.3,5,3,24.8,1.0,Mobile,ngo_outreach,free,20.0,0,,,0.0,0
L-00002,2026-05-20,22.0,2,Diploma,8.6,3.18,2,3,8.8,0.0,Mobile,friend,paid,13.0,0,,,0.0,0
L-00875,2026-04-03,16.0,1,Bachelors,9.6,0.13,0,0,4.2,0.0,Mobile,instagram,free,12.0,No,28.0,called on phone,0.0,1
L-01068,2026-04-20,23.0,1,Bachelors,6.1,4.76,8,10,59.0,1.0,Laptop,instagram,free,12.0,yes,67.7,follow up next intake,1.0,1
L-02628,2026-04-02,15.0,1,Bachelors,10.6,5.82,4,7,44.3,0.0,Mobile,instagram,scholarship,12.0,FALSE,,,0.0,1
L-00037,2026-03-01,25.0,1,High School,8.8,3.09,3,6,31.0,1.0,Desktop,youtube,free,19.0,Y,71.2,duplicate?  check,1.0,0
L-00884,2026-01-11,17.0,2,Masters,10.0,6.15,1,5,58.4,1.0,Mobile,school_partner,paid,11.0,TRUE,89.0,-,1.0,0
L-00357,2026-03-15,17.0,2,High School,13.7,3.13,6,4,37.4,1.0,Mobile,school_partner,free,9.0,no,49.7,called on phone,0.0,0
L-01444,2026-01-22,18.0,3,High School,11.1,2.21,3,3,0.0,1.0,Mobile,ngo_outreach,free,12.0,0,,,0.0,1
L-02184,2026-03-09,16.0,1,Other,5.9,4.71,5,4,69.6,1.0,Mobile,school_partner,paid,12.0,yes,79.5,called on phone,1.0,1
L-01682,2026-02-09,21.0,2,Unknown,9.4,0.0,0,2,45.5,1.0,Mobile,friend,free,21.0,N,,,0.0,0
L-01355,2026-02-06,19.0,2,Diploma,9.2,5.99,2,7,35.9,1.0,Mobile,other,paid,12.0,N,13.3,-,0.0,1
L-00289,2026-05-07,26.0,2,Masters,5.6,3.13,5,2,46.1,1.0,Laptop,other,free,8.0,Y,68.5,,1.0,0
L-02745,2026-03-21,20.0,1,Other,5.0,2.84,3,2,26.0,0.0,Mobile,instagram,free,10.0,N,,requested extension,0.0,0
L-02785,2026-04-21,27.0,1,Diploma,5.9,3.5,3,0,44.7,1.0,Tablet,instagram,paid,12.0,FALSE,38.7,,0.0,1
L-01697,2026-04-16,20.0,3,Bachelors,6.4,1.0,4,1,44.5,0.0,Mobile,youtube,paid,12.0,N,,,0.0,1
L-01938,2026-03-08,24.0,2,High School,6.5,4.38,5,7,100.0,1.0,Laptop,instagram,free,12.0,1,71.8,,1.0,1
L-02527,2026-06-09,21.0,2,Bachelors,11.4,3.13,6,4,79.4,0.0,Mobile,friend,free,12.0,FALSE,,,0.0,1
L-01002,2026-02-12,21.0,1,High School,9.5,1.0,0,2,0.0,0.0,Mobile,friend,free,12.0,no,,,0.0,1
L-02458,2026-04-20,30.0,1,High School,2.9,3.59,4,1,47.9,0.0,Tablet,instagram,free,17.0,yes,82.8,-,1.0,0
L-00826,2026-05-10,19.0,2,High School,15.4,2.3,3,3,5.2,1.0,Mobile,school_partner,scholarship,12.0,0,,-,0.0,1
L-01057,2026-06-27,23.0,2,Unknown,7.2,0.94,0,2,18.4,0.0,Tablet,instagram,scholarship,12.0,no,,,0.0,1
L-00747,2026-06-09,16.0,1,Bachelors,8.1,1.47,3,3,66.2,1.0,Desktop,ngo_outreach,scholarship,14.0,0,,,0.0,0
L-02643,2026-04-12,16.0,2,High School,1.0,2.08,0,2,45.7,0.0,Laptop,instagram,paid,12.0,FALSE,,follow up next intake,0.0,1
L-00744,2026-01-04,15.0,Unknown,High School,5.6,2.37,0,4,0.0,0.0,Laptop,instagram,free,12.0,No,62.0,called on phone,0.0,1
L-01689,2026-06-07,28.0,2,High School,2.5,1.71,3,2,62.8,1.0,Mobile,friend,scholarship,12.0,1,83.7,asked about certificate,1.0,1
L-00768,2026-03-10,18.0,2,Other,5.7,3.66,6,9,68.1,0.0,Laptop,other,scholarship,19.0,No,,follow up next intake,0.0,0
L-02136,2026-02-08,19.0,1,Bachelors,13.6,3.47,1,6,39.0,1.0,Mobile,instagram,scholarship,9.0,0,,,0.0,0
L-02193,2026-03-06,20.0,2,High School,7.9,2.59,4,0,36.3,0.0,Mobile,youtube,paid,16.0,1,72.2,,1.0,0
L-01216,2026-01-04,21.0,2,High School,2.6,2.91,4,0,62.0,0.0,Desktop,other,paid,12.0,Y,76.0,called on phone,1.0,1
L-01971,2026-06-12,23.0,3,Bachelors,3.4,4.08,0,2,45.5,0.0,Laptop,school_partner,paid,13.0,0,,,0.0,0
L-02051,2026-05-25,26.0,3,Bachelors,9.5,2.42,4,3,26.5,0.0,Desktop,instagram,scholarship,11.0,no,,asked about certificate,0.0,0
L-00295,2026-04-08,23.0,1,High School,2.0,1.56,0,6,45.5,1.0,Mobile,school_partner,paid,12.0,N,,duplicate?  check,0.0,1
L-00075,2026-05-14,17.0,1,Bachelors,4.8,0.11,0,2,55.6,0.0,Laptop,instagram,scholarship,12.0,FALSE,,,0.0,1
L-01046,2026-04-10,23.0,2,Diploma,9.2,3.81,6,6,35.1,0.0,Desktop,school_partner,paid,9.0,FALSE,60.7,requested extension,0.0,0
L-02249,2026-05-15,23.0,2,High School,6.1,4.7,5,4,93.4,0.0,Mobile,friend,paid,11.0,no,,,0.0,0
L-00998,2026-03-12,15.0,2,Bachelors,11.5,2.47,3,6,63.2,-1.0,Mobile,friend,scholarship,13.0,N,,-,0.0,0
L-02075,2026-02-11,15.0,3,Bachelors,6.6,3.19,5,1,67.5,0.0,Laptop,other,scholarship,12.0,Y,58.8,requested extension,1.0,1
L-01782,2026-04-01,15.0,2,Bachelors,6.2,3.76,1,2,66.1,0.0,Laptop,ngo_outreach,paid,21.0,yes,79.4,,1.0,0
L-00106,2026-04-12,21.0,3,Masters,1.1,4.07,0,4,46.9,1.0,Mobile,school_partner,free,12.0,No,,called on phone,0.0,1
L-02059,2026-02-17,23.0,2,High School,3.4,2.1,3,1,29.4,1.0,Desktop,ngo_outreach,scholarship,12.0,FALSE,,,0.0,1
L-00017,2026-05-04,29.0,Unknown,Unknown,7.7,3.13,7,5,100.0,0.0,Mobile,ngo_outreach,scholarship,16.0,0,54.7,called on phone,0.0,0
L-02049,2026-01-04,23.0,2,Bachelors,5.6,3.84,7,0,94.6,0.0,Laptop,other,paid,1.0,yes,64.1,requested extension,1.0,0
L-02684,2026-02-21,23.0,2,Bachelors,13.7,4.5,3,3,70.3,1.0,Mobile,instagram,scholarship,12.0,Y,71.1,requested extension,1.0,1
L-00529,2026-03-06,24.0,1,Bachelors,8.0,3.01,8,4,29.9,0.0,Laptop,school_partner,paid,19.0,Y,72.4,-,1.0,0
L-00794,2026-01-13,19.0,3,Diploma,8.2,2.23,0,2,0.0,1.0,Mobile,school_partner,free,12.0,0,20.4,duplicate?  check,0.0,1
L-00714,2026-01-03,25.0,2,High School,8.2,3.01,5,3,45.5,1.0,Mobile,instagram,free,7.0,Y,86.1,called on phone,1.0,0
L-02470,2026-06-23,22.0,3,High School,7.1,3.47,0,4,17.5,0.0,Mobile,youtube,free,12.0,FALSE,,duplicate?  check,0.0,1
L-01890,2026-02-25,26.0,2,High School,9.0,3.13,7,0,33.8,0.0,Mobile,youtube,free,12.0,FALSE,,called on phone,0.0,1
L-01964,2026-05-14,22.0,3,High School,15.2,1.6,5,8,43.4,1.0,Laptop,school_partner,scholarship,14.0,Y,78.6,,1.0,0
L-00691,2026-05-06,21.0,2,Bachelors,10.2,4.51,3,4,18.0,0.0,Desktop,instagram,scholarship,12.0,1,64.7,,1.0,1
L-01967,2026-05-18,25.0,1,Bachelors,9.2,2.75,5,3,72.5,1.0,Mobile,youtube,free,12.0,TRUE,89.9,,1.0,1
L-01462,2026-04-24,21.0,3,Bachelors,6.5,4.0,6,4,69.6,0.0,Tablet,instagram,free,14.0,0,,,0.0,0
L-00571,2026-05-02,16.0,1,High School,11.7,0.45,1,4,0.0,0.0,Laptop,ngo_outreach,scholarship,12.0,no,,,0.0,1
L-01686,2026-01-12,22.0,2,High School,10.9,3.3,3,3,12.5,0.0,Laptop,school_partner,free,12.0,FALSE,,duplicate?  check,0.0,1
L-02069,2026-01-19,17.0,2,High School,7.5,4.77,3,2,40.1,1.0,Mobile,friend,paid,10.0,Y,73.3,-,1.0,0
L-01113,2026-01-21,24.0,2,Bachelors,5.9,4.62,5,3,94.9,0.0,Tablet,school_partner,free,15.0,No,,duplicate?  check,0.0,0
L-01742,2026-04-07,23.0,2,Diploma,6.4,4.2,4,0,42.1,0.0,Laptop,instagram,scholarship,12.0,no,,requested extension,0.0,1
L-02749,2026-05-08,21.0,2,Bachelors,9.8,4.98,7,6,77.5,0.0,Mobile,friend,free,11.0,1,55.6,follow up next intake,1.0,0
L-02094,2026-01-10,15.0,2,Diploma,6.7,0.86,4,1,21.4,0.0,Desktop,school_partner,free,12.0,FALSE,,,0.0,1
L-02567,2026-05-11,26.0,2,Masters,9.5,3.16,5,2,12.5,0.0,Mobile,youtube,scholarship,8.0,N,,,0.0,0
L-01314,2026-01-23,27.0,2,Bachelors,6.1,2.33,3,1,23.6,0.0,Mobile,instagram,scholarship,17.0,no,,,0.0,0
L-00172,2026-04-23,15.0,3,High School,7.0,2.52,2,4,1.8,1.0,Mobile,school_partner,scholarship,12.0,N,,requested extension,0.0,1
L-00968,2026-06-26,21.0,2,Diploma,7.7,2.56,6,2,100.0,1.0,Laptop,instagram,scholarship,7.0,Yes,69.3,,1.0,0
L-00656,2026-04-02,21.0,2,High School,7.1,3.21,0,1,28.6,0.0,Mobile,youtube,free,12.0,N,,duplicate?  check,0.0,1
L-01007,2026-03-07,20.0,2,High School,6.2,6.49,6,5,47.6,0.0,Laptop,friend,scholarship,19.0,TRUE,84.4,,1.0,0
L-00257,2026-03-11,15.0,1,Bachelors,11.4,0.5,2,5,26.1,0.0,Desktop,ngo_outreach,free,15.0,0,,asked about certificate,0.0,0
L-02104,2026-02-20,17.0,1,Bachelors,6.5,2.89,4,1,100.0,1.0,Mobile,instagram,paid,18.0,TRUE,72.4,,1.0,0
L-00296,2026-05-07,20.0,2,Bachelors,1.0,2.32,3,1,18.4,1.0,Mobile,youtube,free,8.0,0,,asked about certificate,0.0,0
L-02447,2026-06-14,21.0,2,Bachelors,5.4,2.38,3,6,55.8,1.0,Laptop,other,scholarship,12.0,N,,,0.0,1
L-01075,2026-01-09,20.0,2,Masters,11.3,2.73,5,1,38.6,0.0,Mobile,youtube,scholarship,12.0,no,,,0.0,1
L-01554,2026-06-03,19.0,3,Bachelors,12.9,6.88,3,0,46.4,1.0,Mobile,youtube,scholarship,10.0,Y,41.7,asked about certificate,0.0,0
L-00192,2026-06-06,17.0,2,Bachelors,7.1,3.56,5,8,62.6,0.0,Laptop,school_partner,free,12.0,No,,-,0.0,1
L-01985,2026-02-26,16.0,3,Bachelors,11.8,5.59,5,6,85.1,0.0,Desktop,instagram,paid,15.0,yes,81.3,,1.0,0
L-01568,2026-02-11,22.0,2,Masters,3.5,2.79,5,10,41.4,0.0,Mobile,friend,free,12.0,0,,,0.0,1
L-01917,2026-04-03,17.0,3,High School,12.7,2.2,1,1,14.6,0.0,Desktop,ngo_outreach,paid,9.0,No,,,0.0,0
L-01169,2026-02-03,19.0,3,High School,7.0,5.22,7,14,71.6,1.0,Mobile,youtube,free,14.0,Yes,71.6,asked about certificate,1.0,0
L-02106,2026-06-08,15.0,1,Diploma,9.8,3.96,5,7,64.1,0.0,Mobile,other,free,12.0,no,,,0.0,1
L-01558,2026-05-11,15.0,1,Bachelors,4.2,1.67,6,3,39.8,0.0,Mobile,friend,free,0.0,1,92.0,,1.0,0
L-01132,2026-02-15,23.0,1,Bachelors,7.1,3.07,3,1,71.0,0.0,Laptop,instagram,scholarship,12.0,yes,85.0,,1.0,1
L-00087,2026-03-21,17.0,3,Diploma,6.4,2.15,0,2,22.4,1.0,Laptop,other,paid,12.0,N,48.9,-,0.0,1
L-02031,2026-05-10,21.0,2,Diploma,9.5,6.21,4,4,75.0,1.0,Mobile,school_partner,scholarship,4.0,Yes,77.9,-,1.0,0
L-00221,2026-04-16,25.0,3,Bachelors,9.2,3.35,0,1,34.6,0.0,Laptop,friend,free,1.0,No,,,0.0,0
L-02752,2026-01-20,16.0,1,Bachelors,6.1,3.13,4,3,33.6,1.0,Laptop,youtube,paid,13.0,1,76.6,,1.0,0
L-01977,2026-06-05,21.0,2,Diploma,6.0,1.01,0,0,12.3,0.0,Laptop,school_partner,paid,12.0,FALSE,,requested extension,0.0,1
L-01645,2026-06-13,17.0,3,High School,7.1,1.12,2,3,0.0,1.0,Laptop,school_partner,scholarship,20.0,FALSE,38.9,,0.0,0
L-02732,2026-03-16,23.0,1,Unknown,4.0,6.7,9,2,89.3,0.0,Mobile,other,free,15.0,TRUE,71.6,,1.0,0
L-00001,2026-03-22,18.0,3,Bachelors,7.9,1.25,4,1,0.0,0.0,Mobile,instagram,paid,13.0,no,,-,0.0,0
L-01233,2026-04-17,21.0,2,Diploma,6.7,1.66,4,3,58.1,1.0,Desktop,school_partner,free,8.0,No,,,0.0,0
L-00047,2026-04-05,15.0,1,Bachelors,5.9,5.13,4,4,65.8,1.0,Tablet,friend,paid,12.0,1,83.6,,1.0,1
L-00716,2026-04-03,17.0,1,Other,5.9,1.16,3,1,49.8,0.0,Mobile,youtube,free,12.0,FALSE,,,0.0,1
L-01272,2026-01-19,24.0,3,High School,10.8,2.22,1,1,49.9,0.0,Mobile,other,scholarship,12.0,0,,,0.0,1
L-01621,2026-01-06,25.0,1,Bachelors,2.1,3.13,0,0,32.0,0.0,Mobile,ngo_outreach,free,12.0,0,32.0,-,0.0,1
L-00196,2026-01-24,25.0,3,Bachelors,6.2,2.71,2,6,81.1,0.0,Mobile,youtube,free,12.0,no,,duplicate?  check,0.0,1
L-00757,2026-04-12,26.0,2,Masters,6.8,3.55,1,0,0.0,0.0,Mobile,youtube,paid,12.0,no,,,0.0,1
L-02636,2026-01-13,21.0,2,Diploma,9.3,3.54,9,8,100.0,-1.0,Laptop,instagram,scholarship,19.0,yes,84.8,requested extension,1.0,0
L-01970,2026-05-28,29.0,3,Bachelors,9.9,1.44,4,1,63.5,1.0,Mobile,school_partner,free,3.0,1,78.4,,1.0,0
L-00118,2026-05-20,28.0,3,High School,14.8,2.5,6,4,30.8,1.0,Desktop,youtube,free,1.0,Y,98.7,,1.0,0
L-00895,2026-04-14,18.0,1,Bachelors,13.1,4.16,6,2,42.7,0.0,Mobile,friend,free,12.0,no,,,0.0,1
L-01595,2026-01-23,15.0,3,Bachelors,16.6,3.6,2,1,23.5,0.0,Mobile,ngo_outreach,free,15.0,Yes,81.5,,1.0,0
L-01377,2026-02-22,28.0,2,Masters,13.5,3.13,5,5,100.0,1.0,Laptop,other,scholarship,12.0,yes,84.5,asked about certificate,1.0,1
L-02560,2026-04-16,24.0,2,Other,1.0,4.24,5,1,12.2,1.0,Mobile,youtube,scholarship,12.0,N,,,0.0,1
L-00070,2026-03-08,16.0,1,Bachelors,4.8,2.85,0,0,23.3,1.0,Mobile,school_partner,scholarship,12.0,0,,,0.0,1
L-01086,2026-06-23,24.0,2,Bachelors,12.4,5.4,5,2,93.1,0.0,Tablet,instagram,scholarship,4.0,Y,70.2,asked about certificate,1.0,0
L-00249,2026-02-06,17.0,2,Diploma,7.1,2.77,4,1,31.8,0.0,Mobile,school_partner,free,5.0,No,,,0.0,0
L-01922,2026-03-07,25.0,3,High School,10.5,0.98,3,4,25.4,0.0,Laptop,youtube,scholarship,12.0,no,,-,0.0,1
L-00471,2026-03-08,19.0,1,High School,12.4,3.49,5,2,39.8,1.0,Laptop,youtube,scholarship,19.0,no,,,0.0,0
L-02480,2026-01-27,20.0,3,Other,5.2,3.36,4,0,49.8,0.0,Mobile,school_partner,paid,12.0,TRUE,68.5,,1.0,0
L-02700,2026-06-17,17.0,2,Diploma,7.7,3.13,2,2,32.7,0.0,Desktop,school_partner,free,12.0,N,26.2,,0.0,1
L-00633,2026-06-26,27.0,3,Other,8.1,4.57,5,2,73.3,0.0,Mobile,friend,free,20.0,TRUE,70.7,asked about certificate,1.0,0
L-01664,2026-05-24,21.0,2,Bachelors,11.9,3.89,9,7,71.5,0.0,Laptop,friend,free,11.0,Yes,86.7,,1.0,0
L-01521,2026-04-03,21.0,1,High School,10.8,3.78,4,1,71.1,1.0,Desktop,instagram,scholarship,4.0,Yes,78.1,,1.0,0
L-02473,2026-03-23,28.0,1,Masters,1.8,6.26,7,1,94.9,1.0,Mobile,youtube,scholarship,15.0,1,71.3,-,1.0,0
L-01344,2026-05-28,15.0,1,Bachelors,5.0,3.67,0,4,30.0,0.0,Mobile,instagram,free,20.0,0,,,0.0,0
L-02608,2026-03-15,21.0,3,High School,2.8,2.95,0,4,42.3,1.0,Desktop,friend,free,12.0,No,,,0.0,1
L-02167,2026-02-11,31.0,1,Diploma,8.9,4.34,3,5,62.0,0.0,Mobile,ngo_outreach,scholarship,9.0,Y,60.6,,1.0,0
L-01502,2026-02-09,15.0,2,Bachelors,5.9,0.0,0,8,39.2,0.0,Laptop,ngo_outreach,scholarship,12.0,N,,,0.0,1
L-00151,2026-01-14,22.0,1,Bachelors,4.9,3.96,8,4,60.5,1.0,Laptop,youtube,scholarship,5.0,yes,90.8,asked about certificate,1.0,0
L-01898,2026-03-19,15.0,1,Masters,4.9,2.36,3,8,55.8,1.0,Desktop,other,free,7.0,TRUE,74.5,called on phone,1.0,0
L-00039,2026-06-18,19.0,1,Diploma,10.6,3.06,4,3,69.9,1.0,Tablet,school_partner,free,9.0,Yes,67.9,,1.0,0
L-00793,2026-03-20,24.0,2,Other,6.8,2.99,5,3,45.5,1.0,Tablet,school_partner,free,12.0,No,45.3,,0.0,1
L-01792,2026-03-20,25.0,2,Bachelors,5.2,4.42,6,4,39.7,0.0,Laptop,school_partner,free,0.0,Y,92.3,called on phone,1.0,0
L-01823,2026-04-16,18.0,1,Diploma,5.7,4.59,7,5,51.0,0.0,Desktop,youtube,scholarship,12.0,TRUE,91.6,,1.0,1
L-00777,2026-06-17,17.0,1,Diploma,7.4,3.9,4,0,22.4,0.0,Mobile,instagram,paid,12.0,FALSE,32.8,,0.0,1
L-02369,2026-06-21,29.0,1,High School,1.3,3.81,4,7,62.5,0.0,Laptop,school_partner,scholarship,9.0,Y,51.6,,1.0,0
L-00853,2026-04-10,15.0,Unknown,Bachelors,11.4,3.13,7,8,67.7,0.0,Tablet,instagram,paid,7.0,Yes,89.4,requested extension,1.0,0
L-00591,2026-05-03,16.0,3,Other,7.9,2.98,2,2,45.5,1.0,Tablet,youtube,scholarship,0.0,No,,,0.0,0
L-02489,2026-02-08,21.0,1,High School,5.5,1.96,2,1,65.5,1.0,Laptop,friend,scholarship,18.0,no,56.0,,0.0,0
L-01426,2026-02-15,23.0,2,High School,5.2,0.0,2,1,16.1,1.0,Mobile,instagram,paid,12.0,FALSE,50.8,,0.0,1
L-00660,2026-03-01,21.0,Unknown,Masters,10.0,2.06,3,4,40.1,1.0,Mobile,friend,scholarship,11.0,FALSE,,,0.0,0
L-01998,2026-05-17,22.0,2,High School,12.2,5.19,5,3,72.4,0.0,Laptop,instagram,scholarship,12.0,No,53.1,asked about certificate,0.0,1
L-01486,2026-06-03,17.0,3,High School,11.8,4.0,0,2,36.5,0.0,Desktop,ngo_outreach,free,12.0,no,,,0.0,1
L-00687,2026-03-03,20.0,1,Unknown,10.4,3.13,5,3,67.8,1.0,Mobile,instagram,scholarship,16.0,TRUE,91.7,asked about certificate,1.0,0
L-00663,2026-01-24,24.0,2,Diploma,3.1,3.91,0,6,100.0,0.0,Mobile,youtube,paid,12.0,N,,,0.0,1
L-01990,2026-06-14,20.0,2,Bachelors,5.0,1.17,6,2,40.1,1.0,Mobile,ngo_outreach,free,12.0,1,78.7,duplicate?  check,1.0,1
L-01167,2026-05-13,19.0,2,High School,7.0,4.03,5,6,44.4,1.0,Laptop,other,scholarship,14.0,yes,71.2,,1.0,0
L-01152,2026-02-20,19.0,1,High School,12.0,1.99,2,2,40.4,1.0,Mobile,youtube,paid,2.0,yes,,asked about certificate,0.0,0
L-01192,2026-02-18,25.0,2,Masters,5.6,0.06,1,1,27.2,0.0,Mobile,youtube,scholarship,21.0,N,54.2,,0.0,0
L-02697,2026-02-20,21.0,1,Diploma,7.3,4.11,8,2,49.2,0.0,Laptop,school_partner,free,17.0,Yes,74.1,called on phone,1.0,0
L-02214,2026-01-24,20.0,2,High School,11.6,4.77,7,11,81.4,0.0,Tablet,school_partner,paid,12.0,Y,64.7,,1.0,1
L-01446,2026-06-18,25.0,1,Masters,9.2,4.3,8,2,64.1,1.0,Desktop,instagram,scholarship,12.0,TRUE,71.3,,1.0,1
L-02615,2026-06-06,18.0,2,High School,7.2,2.9,3,3,15.1,1.0,Laptop,instagram,free,12.0,0,,duplicate?  check,0.0,1
L-00186,2026-04-21,30.0,3,Diploma,10.9,0.05,0,1,63.5,1.0,Mobile,school_partner,scholarship,11.0,0,,called on phone,0.0,0
L-00392,2026-02-05,19.0,1,Bachelors,12.8,3.97,3,8,47.6,0.0,Mobile,friend,paid,1.0,N,52.7,,0.0,0
L-00635,2026-03-13,20.0,3,Diploma,8.4,3.89,4,0,88.6,1.0,Mobile,ngo_outreach,free,12.0,Yes,88.6,,1.0,1
L-01151,2026-03-14,23.0,2,Bachelors,5.6,3.95,4,5,59.6,1.0,Mobile,instagram,free,9.0,yes,79.6,,1.0,0
L-00927,2026-03-04,34.0,1,Masters,6.6,5.42,5,2,54.8,1.0,Laptop,youtube,free,8.0,No,,,0.0,0
L-00502,2026-03-15,19.0,3,High School,7.9,3.13,4,1,45.5,0.0,Desktop,instagram,free,16.0,0,36.4,,0.0,0
L-02605,2026-03-21,25.0,2,High School,7.2,3.15,2,3,14.9,1.0,Laptop,ngo_outreach,free,12.0,Y,87.0,,1.0,1
L-02275,2026-06-07,19.0,3,High School,3.5,2.76,2,1,2.7,0.0,Mobile,instagram,paid,19.0,0,,,0.0,0
L-00197,2026-04-11,19.0,1,High School,7.5,0.0,0,2,23.2,0.0,Mobile,school_partner,scholarship,12.0,no,39.1,asked about certificate,0.0,1
L-01943,2026-01-04,26.0,Unknown,Diploma,7.6,3.13,3,4,45.5,0.0,Mobile,instagram,free,12.0,no,,requested extension,0.0,1
L-00010,2026-05-25,16.0,3,High School,4.1,2.85,2,0,45.5,0.0,Mobile,friend,free,21.0,no,,,0.0,0
L-01004,2026-02-24,21.0,2,Other,7.4,4.78,6,2,74.6,1.0,Mobile,friend,free,12.0,Yes,65.4,asked about certificate,1.0,1
L-00763,2026-05-19,19.0,3,Bachelors,7.0,2.07,2,8,13.9,-1.0,Laptop,other,free,12.0,no,,,0.0,1
L-02008,2026-06-05,28.0,3,Diploma,6.2,0.36,0,8,8.2,1.0,Mobile,friend,free,12.0,0,,,0.0,1
L-01962,2026-04-24,19.0,3,Bachelors,1.0,2.65,0,1,45.6,0.0,Mobile,ngo_outreach,free,20.0,no,,,0.0,0
L-01397,2026-03-23,21.0,3,Diploma,9.3,1.22,5,12,44.9,1.0,Tablet,school_partner,free,12.0,0,,asked about certificate,0.0,1
L-00916,2026-04-15,24.0,2,High School,12.5,4.49,4,0,34.4,0.0,Desktop,instagram,scholarship,12.0,Yes,67.1,,1.0,1
L-01655,2026-04-21,19.0,2,High School,12.7,4.15,7,3,43.2,0.0,Mobile,instagram,paid,4.0,yes,80.3,,1.0,0
L-02753,2026-05-28,27.0,2,High School,6.4,1.61,1,2,72.9,0.0,Mobile,school_partner,free,12.0,FALSE,,-,0.0,1
L-01623,2026-05-02,23.0,2,Diploma,4.2,0.45,2,2,29.5,1.0,Mobile,youtube,free,12.0,0,,,0.0,1
L-00111,2026-05-28,28.0,2,Bachelors,5.4,2.16,2,3,33.1,1.0,Mobile,ngo_outreach,free,14.0,No,,,0.0,0
L-00113,2026-03-24,19.0,3,Bachelors,8.0,1.24,5,5,22.4,0.0,Desktop,school_partner,free,13.0,1,98.1,asked about certificate,1.0,0
L-00159,2026-02-07,20.0,1,Bachelors,7.1,2.04,2,7,7.6,1.0,Laptop,instagram,scholarship,12.0,Y,80.5,,1.0,1
L-00734,2026-03-03,32.0,1,Diploma,5.0,1.27,7,2,27.8,0.0,Mobile,instagram,free,17.0,Y,76.7,,1.0,0
L-00970,2026-01-12,21.0,2,Diploma,7.9,4.59,6,4,45.5,1.0,Mobile,friend,paid,9.0,TRUE,87.1,called on phone,1.0,0
L-00940,2026-03-12,23.0,2,Diploma,10.0,1.91,1,5,36.8,0.0,Mobile,youtube,free,16.0,FALSE,,,0.0,0
L-01315,2026-01-03,16.0,3,Diploma,3.6,2.16,5,2,27.6,1.0,Mobile,friend,free,16.0,0,,follow up next intake,0.0,0
L-01908,2026-02-20,19.0,2,Bachelors,6.3,4.57,6,1,21.9,0.0,Mobile,instagram,free,17.0,FALSE,,follow up next intake,0.0,0
L-00580,2026-06-12,18.0,Unknown,Diploma,2.7,1.05,0,2,45.5,0.0,Laptop,friend,free,12.0,FALSE,,,0.0,1
L-01544,2026-01-09,16.0,2,Other,3.8,3.79,3,0,100.0,0.0,Mobile,school_partner,paid,21.0,TRUE,80.9,,1.0,0
L-02330,2026-06-20,23.0,2,Diploma,5.4,3.05,0,6,10.5,-1.0,Desktop,friend,paid,12.0,0,,duplicate?  check,0.0,1
L-02595,2026-04-25,24.0,2,High School,2.2,4.47,7,6,65.1,0.0,Tablet,school_partner,free,12.0,N,,asked about certificate,0.0,1
L-01592,2026-05-10,21.0,2,Masters,9.5,5.61,3,2,19.9,0.0,Laptop,school_partner,free,13.0,FALSE,,follow up next intake,0.0,0
L-01945,2026-01-10,28.0,2,Bachelors,6.2,5.57,5,5,75.7,0.0,Desktop,ngo_outreach,free,8.0,Y,80.0,asked about certificate,1.0,0
L-01394,2026-01-09,23.0,2,Diploma,8.3,4.79,5,6,63.5,0.0,Mobile,instagram,scholarship,12.0,1,69.5,,1.0,0
L-02541,2026-01-15,25.0,1,Diploma,4.7,1.69,2,3,0.3,0.0,Laptop,youtube,free,12.0,FALSE,,,0.0,1
L-01741,2026-01-18,20.0,1,Masters,10.2,3.81,6,3,41.4,0.0,Tablet,youtube,scholarship,15.0,no,79.2,duplicate?  check,1.0,0
L-02367,2026-06-08,24.0,1,Diploma,8.5,6.04,3,1,0.0,-1.0,Mobile,school_partner,free,12.0,N,,requested extension,0.0,1
L-00485,2026-04-26,15.0,3,Diploma,8.2,4.05,4,4,45.3,1.0,Laptop,friend,scholarship,7.0,Yes,73.7,-,1.0,0
L-00448,2026-04-23,15.0,1,High School,7.6,2.68,1,1,5.0,0.0,Mobile,friend,paid,12.0,N,,requested extension,0.0,1
L-01607,2026-01-05,32.0,2,High School,7.1,5.88,7,2,71.8,1.0,Mobile,instagram,free,16.0,yes,75.9,,1.0,0
L-00636,2026-04-25,19.0,1,Diploma,6.7,1.24,3,7,27.4,1.0,Laptop,friend,scholarship,15.0,N,,,0.0,0
L-00251,2026-05-20,21.0,3,Unknown,7.4,2.31,5,1,75.4,0.0,Laptop,school_partner,free,14.0,Yes,75.2,duplicate?  check,1.0,0
L-00876,2026-03-10,19.0,2,High School,4.2,3.93,0,1,18.0,0.0,Laptop,school_partner,paid,12.0,FALSE,,asked about certificate,0.0,1
L-01099,2026-02-03,27.0,2,High School,5.9,4.15,6,6,43.0,0.0,Mobile,ngo_outreach,paid,10.0,TRUE,61.2,,1.0,0
L-00915,2026-03-03,21.0,3,Other,9.1,2.28,1,3,43.9,0.0,Laptop,school_partner,scholarship,13.0,No,,,0.0,0
L-00140,2026-01-20,25.0,1,Bachelors,6.4,6.04,7,4,25.8,1.0,Mobile,friend,free,3.0,TRUE,65.7,,1.0,0
L-02353,2026-04-18,23.0,2,High School,9.5,3.53,3,5,52.8,1.0,Laptop,friend,paid,21.0,Y,79.9,,1.0,0
L-02268,2026-04-08,24.0,2,High School,7.1,4.67,5,6,100.0,0.0,Mobile,school_partner,free,12.0,Yes,84.7,follow up next intake,1.0,1
L-02396,2026-02-03,19.0,1,Bachelors,8.9,2.33,2,1,30.9,1.0,Mobile,friend,paid,12.0,0,,asked about certificate,0.0,1
L-01079,2026-01-06,26.0,3,Masters,1.0,2.19,1,3,12.1,0.0,Mobile,instagram,paid,12.0,no,,,0.0,1
L-00867,2026-03-09,16.0,2,Diploma,8.3,1.81,3,4,48.9,0.0,Laptop,friend,scholarship,7.0,No,,called on phone,0.0,0
L-02607,2026-06-18,24.0,3,High School,8.7,4.1,4,5,48.1,1.0,Mobile,friend,free,13.0,no,,,0.0,0
L-01963,2026-04-25,21.0,3,Diploma,6.9,4.82,3,1,57.9,1.0,Laptop,ngo_outreach,free,12.0,FALSE,,,0.0,1
L-01017,2026-04-18,18.0,2,Masters,1.8,3.52,5,0,47.6,1.0,Mobile,ngo_outreach,paid,7.0,yes,80.7,requested extension,1.0,0
L-01037,2026-05-26,22.0,2,Unknown,2.1,3.32,0,1,70.4,0.0,Mobile,other,free,12.0,0,,,0.0,1
L-01894,2026-03-07,27.0,2,Masters,4.9,3.13,5,4,45.5,1.0,Desktop,instagram,free,2.0,Yes,59.9,,1.0,0
L-02231,2026-04-13,16.0,2,Masters,11.0,2.58,5,3,13.2,0.0,Mobile,friend,scholarship,12.0,Yes,88.3,,1.0,1
L-02021,2026-05-09,15.0,1,Unknown,10.5,1.89,3,1,19.9,0.0,Mobile,school_partner,paid,9.0,TRUE,78.9,called on phone,1.0,0
L-00654,2026-04-13,20.0,2,Diploma,9.0,0.59,0,4,0.0,-1.0,Mobile,instagram,scholarship,12.0,no,,,0.0,1
L-01362,2026-05-06,32.0,3,Bachelors,10.4,3.18,3,6,21.2,0.0,Mobile,ngo_outreach,paid,8.0,FALSE,,,0.0,0
L-01872,2026-04-23,23.0,Unknown,Diploma,7.0,0.14,1,2,33.5,1.0,Mobile,school_partner,free,12.0,0,,requested extension,0.0,1
L-02182,2026-05-14,26.0,3,Bachelors,4.6,0.05,0,5,15.5,1.0,Desktop,ngo_outreach,paid,12.0,no,,,0.0,1
L-01452,2026-03-24,21.0,1,High School,5.0,2.55,3,0,38.6,0.0,Desktop,ngo_outreach,free,13.0,No,57.2,duplicate?  check,0.0,0
L-01598,2026-05-14,21.0,1,High School,3.3,3.56,6,9,33.6,0.0,Mobile,friend,scholarship,13.0,no,,,0.0,0
L-02626,2026-06-04,23.0,2,Bachelors,5.2,0.41,0,2,38.7,1.0,Desktop,youtube,free,12.0,TRUE,84.3,,1.0,1
L-00815,2026-02-06,15.0,3,High School,10.2,1.17,2,0,60.3,0.0,Tablet,school_partner,free,14.0,no,39.8,,0.0,0
L-00710,2026-01-04,19.0,3,High School,1.7,1.97,1,2,44.1,0.0,Desktop,instagram,paid,12.0,0,,duplicate?  check,0.0,1
L-02132,2026-01-10,21.0,3,Masters,4.7,1.67,3,2,28.6,0.0,Mobile,school_partner,free,12.0,no,25.5,,0.0,1
L-00427,2026-03-23,21.0,2,High School,7.1,1.71,0,1,36.7,0.0,Mobile,instagram,paid,12.0,0,,,0.0,1
L-01702,2026-02-15,16.0,3,High School,9.6,2.81,5,1,57.2,0.0,Mobile,school_partner,paid,15.0,No,35.1,asked about certificate,0.0,0
L-02635,2026-04-13,22.0,1,Bachelors,5.0,4.0,1,2,28.7,1.0,Laptop,instagram,scholarship,12.0,N,,,0.0,1
L-02606,2026-06-13,18.0,1,High School,7.8,0.5,0,2,45.5,1.0,Mobile,instagram,paid,12.0,no,,called on phone,0.0,1
L-01691,2026-06-16,23.0,1,Diploma,13.1,4.08,1,3,29.4,0.0,Mobile,school_partner,scholarship,12.0,Yes,79.8,-,1.0,1
L-00728,2026-06-01,26.0,3,Bachelors,8.9,5.57,10,8,95.7,0.0,Mobile,youtube,paid,15.0,Yes,77.9,,1.0,0
L-02260,2026-02-23,19.0,3,High School,4.9,3.75,5,3,11.3,0.0,Mobile,school_partner,free,12.0,Y,,duplicate?  check,0.0,1
L-02080,2026-01-03,21.0,3,Diploma,2.2,4.47,3,1,84.3,0.0,Laptop,ngo_outreach,free,12.0,0,,,0.0,1
L-00486,2026-03-13,22.0,2,High School,6.0,2.71,0,3,40.0,0.0,Laptop,instagram,scholarship,13.0,FALSE,,,0.0,0
L-01522,2026-01-23,24.0,2,Diploma,7.1,2.68,3,5,41.0,1.0,Laptop,school_partner,scholarship,14.0,Y,57.9,,1.0,0
L-01937,2026-01-19,18.0,2,Bachelors,10.0,4.02,5,7,53.0,0.0,Mobile,school_partner,scholarship,12.0,TRUE,,,0.0,1
L-00024,2026-05-28,24.0,3,Unknown,8.3,3.23,5,0,74.6,1.0,Mobile,youtube,free,15.0,Y,77.9,duplicate?  check,1.0,0
L-01663,2026-04-06,18.0,Unknown,High School,6.3,3.46,5,0,46.9,0.0,Desktop,school_partner,scholarship,14.0,yes,72.6,,1.0,0
L-00247,2026-04-25,19.0,1,Bachelors,2.6,4.5,4,2,57.3,0.0,Desktop,instagram,scholarship,11.0,FALSE,,,0.0,0
L-02613,2026-01-09,24.0,1,Bachelors,7.9,2.12,1,1,60.6,0.0,Desktop,instagram,free,12.0,No,,,0.0,1
L-02091,2026-02-02,22.0,1,Bachelors,12.0,1.61,2,2,0.0,1.0,Mobile,instagram,paid,12.0,N,,follow up next intake,0.0,1
L-02580,2026-03-27,23.0,1,Bachelors,2.8,2.98,5,0,36.6,1.0,Mobile,youtube,scholarship,17.0,1,87.2,,1.0,0
L-02513,2026-06-18,22.0,Unknown,Diploma,10.9,5.77,3,5,66.3,0.0,Mobile,youtube,scholarship,12.0,0,,-,0.0,1
L-01799,2026-02-24,19.0,2,High School,4.7,0.73,4,6,29.5,0.0,Tablet,youtube,free,16.0,No,43.5,asked about certificate,0.0,0
L-00650,2026-05-13,26.0,2,Diploma,9.8,2.36,1,3,75.1,1.0,Laptop,other,scholarship,11.0,No,45.5,,0.0,0
L-02512,2026-03-25,27.0,3,High School,10.2,2.65,1,5,14.3,0.0,Mobile,school_partner,paid,7.0,0,,,0.0,0
L-01106,2026-01-26,18.0,3,High School,6.5,2.83,5,0,73.8,1.0,Laptop,school_partner,scholarship,12.0,No,,-,0.0,1
L-01227,2026-03-22,28.0,2,High School,4.7,2.05,3,2,37.8,1.0,Laptop,instagram,free,20.0,no,80.1,,1.0,0
L-00987,2026-03-10,18.0,2,Masters,5.7,2.53,6,5,60.2,0.0,Laptop,instagram,scholarship,15.0,FALSE,,asked about certificate,0.0,0
L-00232,2026-01-02,20.0,1,Diploma,3.1,2.28,0,1,25.4,1.0,Tablet,friend,paid,12.0,No,41.1,,0.0,1
L-01728,2026-01-10,19.0,2,Masters,5.9,3.46,0,1,14.1,0.0,Mobile,school_partner,paid,12.0,No,,-,0.0,1
L-00796,2026-02-08,21.0,2,Bachelors,9.9,3.22,7,3,51.3,0.0,Mobile,ngo_outreach,free,5.0,N,,duplicate?  check,0.0,0
L-01625,2026-04-23,19.0,3,Diploma,4.5,5.65,8,1,28.3,0.0,Mobile,instagram,scholarship,19.0,Yes,69.8,asked about certificate,1.0,0
L-00333,2026-03-28,24.0,1,High School,4.7,2.68,2,1,2.2,-1.0,Laptop,instagram,scholarship,12.0,FALSE,,called on phone,0.0,1
L-01493,2026-01-04,17.0,2,Bachelors,9.8,2.17,4,2,36.8,0.0,Desktop,friend,free,15.0,No,,asked about certificate,0.0,0
L-00032,2026-06-17,20.0,3,Diploma,7.9,3.45,8,6,55.3,0.0,Mobile,school_partner,free,17.0,N,,,0.0,0
L-00564,2026-04-23,32.0,1,High School,9.1,2.56,2,5,86.2,0.0,Tablet,friend,free,12.0,no,,,0.0,1
L-01791,2026-01-11,15.0,3,High School,4.5,5.68,6,7,49.1,0.0,Mobile,instagram,scholarship,15.0,Y,75.0,,1.0,0
L-02723,2026-05-22,20.0,2,Diploma,4.5,1.3,1,5,45.8,0.0,Laptop,instagram,free,12.0,FALSE,44.0,duplicate?  check,0.0,1
L-00271,2026-04-01,21.0,2,Bachelors,8.7,3.13,0,2,59.4,0.0,Mobile,ngo_outreach,scholarship,7.0,0,41.0,,0.0,0
L-00632,2026-03-10,20.0,1,Diploma,7.0,3.54,8,3,45.4,0.0,Mobile,friend,free,18.0,yes,78.0,,1.0,0
L-00385,2026-05-16,18.0,1,High School,7.2,2.04,3,3,52.0,0.0,Laptop,instagram,paid,12.0,TRUE,68.0,follow up next intake,1.0,1
L-02215,2026-01-12,22.0,1,Bachelors,14.0,0.59,3,4,21.4,0.0,Laptop,school_partner,free,12.0,No,,,0.0,1
L-00950,2026-03-14,26.0,2,Masters,6.8,3.13,5,1,58.9,1.0,Desktop,friend,scholarship,12.0,1,81.3,,1.0,1
L-01669,2026-06-11,18.0,1,Unknown,9.3,3.2,2,6,37.6,1.0,Laptop,instagram,free,12.0,No,,asked about certificate,0.0,1
L-00715,2026-04-21,22.0,1,Bachelors,8.6,2.89,4,2,0.0,1.0,Mobile,instagram,scholarship,12.0,0,,,0.0,1
L-02494,2026-01-15,20.0,2,Diploma,11.2,5.57,3,4,45.5,0.0,Mobile,youtube,paid,9.0,TRUE,88.4,follow up next intake,1.0,0
L-01842,2026-01-24,19.0,1,Bachelors,5.8,4.14,5,8,32.7,1.0,Mobile,youtube,paid,11.0,1,58.7,,1.0,0
L-00938,2026-04-10,16.0,2,Diploma,3.2,2.65,6,6,41.3,0.0,Mobile,instagram,free,19.0,No,,,0.0,0
L-00099,2026-04-20,29.0,2,Bachelors,5.7,3.82,2,2,38.1,0.0,Laptop,youtube,paid,21.0,No,,,0.0,0
L-00901,2026-02-03,23.0,3,High School,1.0,2.0,0,3,37.8,0.0,Desktop,school_partner,free,20.0,N,,,0.0,0
L-02582,2026-06-12,15.0,1,Bachelors,5.1,3.58,0,1,11.7,1.0,Mobile,instagram,free,8.0,No,,,0.0,0
L-02702,2026-03-11,25.0,2,High School,11.0,4.6,7,2,84.1,1.0,Mobile,ngo_outreach,free,7.0,yes,94.5,-,1.0,0
L-01520,2026-04-12,25.0,1,Other,10.0,3.41,3,1,57.4,1.0,Laptop,instagram,scholarship,2.0,N,,,0.0,0
L-01650,2026-03-05,21.0,2,Masters,9.5,5.13,8,3,59.3,1.0,Mobile,school_partner,free,20.0,N,,,0.0,0
L-01359,2026-03-10,15.0,1,Bachelors,6.4,3.25,2,8,45.5,0.0,Laptop,school_partner,free,4.0,TRUE,84.6,,1.0,0
L-01735,2026-06-15,23.0,2,Bachelors,13.1,3.38,6,9,45.5,0.0,Mobile,instagram,scholarship,3.0,No,,asked about certificate,0.0,0
L-02186,2026-01-01,23.0,2,High School,12.8,3.93,0,0,45.5,0.0,Mobile,youtube,paid,13.0,no,,,0.0,0
L-00307,2026-01-25,16.0,2,Bachelors,14.8,4.5,8,11,25.4,0.0,Laptop,instagram,paid,18.0,0,35.7,,0.0,0
L-01596,2026-05-25,18.0,2,Other,7.0,2.7,0,0,30.0,1.0,Laptop,school_partner,free,13.0,N,50.6,,0.0,0
L-02175,2026-01-24,21.0,2,High School,12.1,2.43,4,2,86.1,0.0,Mobile,ngo_outreach,free,17.0,Yes,84.0,,1.0,0
L-02516,2026-01-27,23.0,2,Bachelors,1.0,4.04,2,0,10.5,0.0,Tablet,school_partner,free,12.0,0,,,0.0,1
L-02384,2026-03-02,18.0,1,Bachelors,4.1,1.9,3,4,25.2,0.0,Mobile,other,scholarship,11.0,No,,asked about certificate,0.0,0
L-02377,2026-06-26,25.0,1,High School,2.3,3.11,7,3,19.9,0.0,Mobile,school_partner,paid,4.0,TRUE,69.6,,1.0,0
L-01401,2026-06-04,21.0,1,Diploma,13.2,2.54,5,4,21.4,1.0,Laptop,school_partner,paid,12.0,TRUE,79.3,follow up next intake,1.0,1
L-02444,2026-02-14,19.0,3,Diploma,4.0,2.09,3,1,61.4,0.0,Laptop,school_partner,free,12.0,FALSE,,,0.0,1
L-01032,2026-06-11,22.0,2,Bachelors,7.1,2.28,2,1,6.2,0.0,Tablet,school_partner,scholarship,21.0,N,,,0.0,0
L-00774,2026-01-01,20.0,1,High School,10.6,3.83,8,1,19.0,0.0,Laptop,instagram,paid,12.0,1,80.4,duplicate?  check,1.0,1
L-01778,2026-04-19,16.0,2,Bachelors,7.5,5.46,5,10,60.3,0.0,Desktop,instagram,free,4.0,TRUE,86.7,called on phone,1.0,0
L-02747,2026-01-12,17.0,1,Bachelors,10.4,0.0,2,1,29.3,1.0,Laptop,friend,free,12.0,N,39.5,called on phone,0.0,1
L-00508,2026-06-18,19.0,3,Bachelors,9.6,1.46,0,0,1.8,0.0,Mobile,youtube,scholarship,12.0,0,,,0.0,1
L-00027,2026-03-15,26.0,3,High School,14.4,3.08,4,4,66.0,1.0,Laptop,instagram,free,12.0,TRUE,86.6,asked about certificate,1.0,1
L-00306,2026-01-07,21.0,1,Diploma,6.9,4.23,0,6,40.8,1.0,Desktop,friend,scholarship,18.0,No,,,0.0,0
L-00245,2026-03-07,15.0,2,High School,8.3,5.3,2,7,77.2,1.0,Desktop,ngo_outreach,scholarship,6.0,0,62.0,-,0.0,0
L-01731,2026-05-14,22.0,2,Bachelors,6.9,1.27,4,4,18.9,1.0,Mobile,friend,free,12.0,no,,duplicate?  check,0.0,1
L-02209,2026-05-27,27.0,2,High School,3.1,2.06,1,1,19.6,1.0,Desktop,ngo_outreach,free,12.0,FALSE,,-,0.0,1
L-00274,2026-04-16,15.0,1,Bachelors,11.7,1.34,4,6,66.8,1.0,Laptop,instagram,paid,4.0,No,,,0.0,0
L-02126,2026-01-27,22.0,1,Diploma,3.0,0.13,3,6,62.8,0.0,Desktop,instagram,paid,12.0,no,,,0.0,1
L-00683,2026-05-11,21.0,1,Bachelors,4.6,4.14,3,2,41.2,0.0,Laptop,youtube,free,13.0,FALSE,,,0.0,0
L-00594,2026-03-19,23.0,2,High School,11.6,2.28,4,4,0.0,1.0,Laptop,other,free,12.0,N,,,0.0,1
L-01009,2026-04-18,22.0,3,Bachelors,7.0,3.86,10,3,51.8,1.0,Laptop,friend,paid,15.0,1,77.5,,1.0,0
L-00614,2026-02-10,21.0,3,Bachelors,8.4,3.65,0,2,17.0,0.0,Laptop,friend,free,12.0,TRUE,,asked about certificate,0.0,1
L-02791,2026-02-26,18.0,3,High School,2.2,2.7,4,2,28.4,0.0,Laptop,ngo_outreach,free,11.0,no,,,0.0,0
L-02129,2026-02-09,24.0,2,Masters,7.4,3.69,8,7,71.9,0.0,Mobile,school_partner,scholarship,7.0,TRUE,71.7,,1.0,0
L-02552,2026-01-12,21.0,3,Masters,2.1,6.13,5,3,64.7,1.0,Desktop,school_partner,free,12.0,yes,100.0,asked about certificate,1.0,1
L-02168,2026-03-04,23.0,1,Bachelors,7.0,4.22,7,2,63.0,1.0,Mobile,ngo_outreach,free,3.0,FALSE,,,0.0,0
L-02551,2026-01-19,20.0,3,Other,10.6,2.22,3,2,100.0,0.0,Desktop,other,paid,12.0,No,,follow up next intake,0.0,0
L-01513,2026-05-23,24.0,2,Bachelors,7.1,2.99,2,0,36.7,0.0,Desktop,school_partner,scholarship,20.0,FALSE,50.4,,0.0,0
L-00752,2026-02-28,22.0,2,High School,6.6,3.36,1,0,61.6,0.0,Mobile,school_partner,scholarship,12.0,no,,,0.0,1
L-02195,2026-01-20,22.0,1,High School,7.1,5.8,3,0,39.5,1.0,Mobile,youtube,paid,4.0,Y,59.9,called on phone,1.0,0
L-02189,2026-03-17,22.0,2,High School,9.7,3.13,4,5,58.9,1.0,Laptop,ngo_outreach,scholarship,12.0,Y,90.2,follow up next intake,1.0,1
L-00076,2026-06-08,17.0,2,Unknown,4.0,0.35,1,4,24.3,0.0,Mobile,instagram,paid,13.0,FALSE,,,0.0,0
L-00865,2026-03-27,22.0,1,Diploma,11.6,1.0,5,3,45.5,0.0,Laptop,instagram,scholarship,17.0,FALSE,33.1,follow up next intake,0.0,0
L-01853,2026-02-28,18.0,1,High School,2.7,2.11,3,3,45.5,0.0,Tablet,school_partner,free,14.0,no,,requested extension,0.0,0
L-00176,2026-04-18,27.0,2,Other,10.3,3.72,4,5,71.0,0.0,Mobile,youtube,free,7.0,N,,,0.0,0
L-02345,2026-01-19,21.0,2,High School,7.1,2.77,3,5,21.4,1.0,Desktop,youtube,scholarship,12.0,no,,-,0.0,1
L-01287,2026-05-02,22.0,1,Masters,5.6,4.87,10,7,80.6,0.0,Mobile,instagram,free,0.0,yes,72.0,called on phone,1.0,0
L-00444,2026-02-28,21.0,2,Bachelors,7.1,2.18,0,2,45.5,-1.0,Desktop,instagram,paid,12.0,No,,follow up next intake,0.0,1
L-02086,2026-06-11,24.0,2,Bachelors,4.1,3.22,7,8,79.8,1.0,Laptop,instagram,scholarship,4.0,Y,93.2,,1.0,0
L-02197,2026-03-03,15.0,2,Other,12.7,4.99,4,7,20.4,0.0,Laptop,ngo_outreach,free,16.0,no,,requested extension,0.0,0
L-02062,2026-05-15,25.0,3,Diploma,5.3,3.63,2,1,38.9,1.0,Mobile,friend,free,12.0,TRUE,74.8,-,1.0,1
L-01577,2026-06-11,16.0,1,Diploma,5.4,3.21,1,0,22.1,1.0,Mobile,school_partner,scholarship,12.0,yes,96.2,,1.0,1
L-00441,2026-04-06,18.0,1,High School,7.4,5.15,4,0,46.5,-1.0,Laptop,school_partner,free,4.0,Yes,,,0.0,0
L-00741,2026-04-17,19.0,2,High School,2.9,2.01,5,1,34.2,1.0,Mobile,friend,scholarship,8.0,Yes,64.4,-,1.0,0
L-01376,2026-03-05,24.0,1,Diploma,14.0,2.94,2,6,18.2,0.0,Desktop,instagram,free,12.0,0,,,0.0,1
L-02665,2026-05-15,17.0,1,Bachelors,4.3,3.13,2,2,53.8,1.0,Mobile,friend,free,3.0,no,,,0.0,0
L-01131,2026-06-07,28.0,2,Other,12.8,3.76,5,7,38.3,1.0,Mobile,school_partner,scholarship,2.0,Y,88.8,duplicate?  check,1.0,0
L-01852,2026-01-16,23.0,2,High School,5.4,1.57,3,4,37.7,0.0,Mobile,instagram,free,6.0,yes,100.0,called on phone,1.0,0
L-00786,2026-06-11,20.0,3,Unknown,4.1,3.47,5,6,37.1,0.0,Mobile,instagram,free,14.0,N,,follow up next intake,0.0,0
L-01636,2026-02-13,27.0,2,High School,4.5,2.45,5,2,72.5,1.0,Mobile,friend,free,12.0,N,,,0.0,1
L-01308,2026-05-17,20.0,2,High School,7.8,4.6,3,6,72.3,0.0,Mobile,youtube,scholarship,16.0,TRUE,71.5,,1.0,0
L-00173,2026-02-27,20.0,2,Masters,10.4,0.1,5,0,22.3,1.0,Desktop,friend,scholarship,21.0,no,,asked about certificate,0.0,0
L-00905,2026-06-21,22.0,2,Unknown,8.9,0.0,0,4,7.9,1.0,Mobile,youtube,free,12.0,No,,,0.0,1
L-01342,2026-01-03,26.0,1,High School,7.8,6.71,5,2,66.5,-1.0,Desktop,youtube,scholarship,2.0,Yes,75.6,,1.0,0
L-01001,2026-01-01,23.0,1,Bachelors,6.2,4.35,5,10,69.6,1.0,Desktop,other,scholarship,12.0,Yes,88.2,-,1.0,1
L-02109,2026-05-26,22.0,3,Bachelors,8.2,3.22,8,7,52.3,1.0,Laptop,school_partner,free,1.0,1,83.9,-,1.0,0
L-00878,2026-06-22,21.0,2,Bachelors,5.3,4.45,6,1,74.4,0.0,Mobile,ngo_outreach,free,0.0,Yes,86.7,,1.0,0
L-02518,2026-01-07,25.0,1,Masters,7.2,2.81,2,1,100.0,1.0,Tablet,friend,free,12.0,no,,follow up next intake,0.0,1
L-02742,2026-04-21,24.0,1,Diploma,8.4,0.0,2,4,41.7,0.0,Mobile,youtube,free,12.0,No,,asked about certificate,0.0,1
L-02302,2026-06-24,18.0,2,Diploma,6.8,2.45,5,2,86.6,0.0,Desktop,school_partner,scholarship,8.0,Yes,76.1,called on phone,1.0,0
L-00352,2026-04-03,15.0,1,Unknown,8.7,5.4,7,7,47.6,0.0,Mobile,friend,free,12.0,No,,,0.0,1
L-00772,2026-05-14,18.0,2,Bachelors,7.1,1.58,3,1,70.9,1.0,Mobile,friend,free,12.0,Yes,75.0,,1.0,1
L-01140,2026-01-26,19.0,3,Diploma,4.4,2.92,3,4,23.7,0.0,Mobile,ngo_outreach,free,10.0,0,,-,0.0,0
L-00381,2026-02-09,18.0,2,High School,6.0,4.72,8,0,66.2,0.0,Tablet,school_partner,scholarship,19.0,1,79.6,,1.0,0
L-01766,2026-01-22,29.0,1,Masters,8.1,3.25,4,2,64.2,1.0,Mobile,instagram,scholarship,8.0,no,,,0.0,0
L-01454,2026-03-28,31.0,2,Bachelors,7.1,4.55,4,3,83.7,0.0,Mobile,friend,paid,10.0,Y,91.4,asked about certificate,1.0,0
L-01639,2026-02-20,19.0,3,High School,7.1,3.83,2,4,60.2,1.0,Mobile,youtube,paid,12.0,N,,,0.0,1
L-02426,2026-05-15,18.0,2,High School,6.9,3.39,3,1,76.5,0.0,Mobile,instagram,free,12.0,yes,59.2,,1.0,0
L-02735,2026-06-06,19.0,3,High School,10.9,4.46,2,2,34.7,0.0,Tablet,school_partner,paid,17.0,TRUE,92.7,asked about certificate,1.0,0
L-00509,2026-01-24,28.0,2,High School,6.9,4.07,3,1,42.0,0.0,Laptop,school_partner,scholarship,12.0,no,,,0.0,1
L-02227,2026-02-01,17.0,3,High School,8.1,3.57,1,3,84.7,0.0,Mobile,instagram,paid,19.0,TRUE,79.1,-,1.0,0
L-00371,2026-03-07,15.0,3,Other,4.1,1.98,7,1,99.1,0.0,Laptop,school_partner,free,7.0,1,63.8,requested extension,1.0,0
L-01953,2026-01-07,21.0,3,Bachelors,14.9,2.82,6,10,44.8,0.0,Mobile,friend,scholarship,12.0,TRUE,75.4,,1.0,1
L-01226,2026-01-26,21.0,2,High School,9.5,2.81,3,6,86.5,1.0,Laptop,instagram,paid,10.0,N,,,0.0,0
L-02642,2026-04-02,24.0,2,Bachelors,5.5,2.7,6,10,51.3,0.0,Laptop,instagram,paid,14.0,Y,81.4,asked about certificate,1.0,0
L-02076,2026-03-02,21.0,2,Bachelors,7.1,3.76,5,2,1.1,1.0,Mobile,instagram,paid,15.0,Yes,83.8,,1.0,0
L-01828,2026-02-16,27.0,3,Diploma,11.6,3.34,7,3,45.5,1.0,Mobile,youtube,paid,2.0,Yes,77.9,follow up next intake,1.0,0
L-00686,2026-03-23,30.0,2,Other,4.8,4.13,4,11,55.0,1.0,Desktop,friend,free,7.0,Yes,79.6,,1.0,0
L-02351,2026-04-25,26.0,1,Unknown,8.3,1.62,1,2,48.3,1.0,Mobile,youtube,scholarship,19.0,N,,requested extension,0.0,0
L-01539,2026-03-25,21.0,2,Bachelors,3.8,3.13,8,6,58.8,1.0,Mobile,instagram,free,18.0,0,,,0.0,0
L-02307,2026-05-21,21.0,3,Masters,1.0,3.13,5,5,37.6,0.0,Laptop,youtube,free,16.0,1,83.5,requested extension,1.0,0
L-02110,2026-01-14,17.0,1,Bachelors,3.4,2.22,3,2,71.1,0.0,Mobile,instagram,paid,12.0,N,,,0.0,1
L-02341,2026-06-18,22.0,3,High School,3.1,3.83,7,6,78.9,1.0,Mobile,other,scholarship,12.0,yes,77.6,,1.0,1
L-01550,2026-05-12,21.0,2,Other,10.0,5.71,2,5,41.0,0.0,Mobile,ngo_outreach,free,19.0,No,,duplicate?  check,0.0,0
L-01794,2026-06-25,24.0,2,High School,7.1,2.6,5,1,58.0,0.0,Laptop,school_partner,scholarship,7.0,1,80.3,asked about certificate,1.0,0
L-00931,2026-01-24,17.0,2,Diploma,11.4,3.88,6,0,85.7,0.0,Mobile,instagram,free,17.0,1,87.0,,1.0,0
L-01349,2026-04-07,21.0,3,High School,6.5,3.87,2,1,32.1,0.0,Laptop,youtube,paid,12.0,No,,asked about certificate,0.0,1
L-00764,2026-06-03,24.0,2,High School,7.1,2.1,4,5,40.6,0.0,Mobile,youtube,scholarship,12.0,No,,follow up next intake,0.0,1
L-01546,2026-04-01,23.0,2,Bachelors,10.5,2.81,5,1,63.4,1.0,Desktop,instagram,scholarship,11.0,FALSE,,,0.0,0
L-01688,2026-02-24,21.0,1,Diploma,10.6,1.78,1,1,34.3,1.0,Mobile,instagram,free,10.0,N,,,0.0,0
L-01385,2026-05-16,26.0,2,Unknown,8.5,0.42,3,3,39.3,1.0,Mobile,friend,free,12.0,No,,duplicate?  check,0.0,1
L-02087,2026-06-08,18.0,1,Masters,9.4,2.52,3,1,22.9,1.0,Laptop,friend,paid,1.0,0,,duplicate?  check,0.0,0
L-01407,2026-04-21,23.0,3,Bachelors,4.6,3.54,4,3,50.2,0.0,Mobile,ngo_outreach,paid,18.0,no,,,0.0,0
L-00640,2026-05-27,25.0,1,Bachelors,9.5,0.52,2,5,36.7,0.0,Laptop,youtube,free,12.0,no,,,0.0,1
L-01278,2026-01-11,24.0,1,Bachelors,4.1,4.8,6,8,47.3,0.0,Mobile,ngo_outreach,free,12.0,1,59.9,,1.0,1
L-01116,2026-01-20,20.0,2,Other,2.1,0.0,0,4,6.2,0.0,Desktop,youtube,paid,12.0,FALSE,,called on phone,0.0,1
L-01918,2026-01-14,15.0,2,Masters,7.5,2.45,5,2,33.6,0.0,Desktop,instagram,paid,13.0,FALSE,,,0.0,0
L-02646,2026-01-26,15.0,3,Diploma,5.3,5.27,5,2,52.5,0.0,Mobile,youtube,free,12.0,no,,duplicate?  check,0.0,1
L-02789,2026-05-01,23.0,1,Bachelors,4.2,5.31,3,2,26.5,1.0,Tablet,other,paid,12.0,1,79.9,,1.0,1
L-00873,2026-06-02,29.0,2,High School,3.0,3.91,7,2,59.8,0.0,Mobile,friend,paid,12.0,FALSE,,duplicate?  check,0.0,0
L-02016,2026-06-10,20.0,2,Masters,9.0,3.27,5,1,40.0,-1.0,Laptop,youtube,free,16.0,N,,called on phone,0.0,0
L-00314,2026-01-20,28.0,2,Masters,5.8,3.33,5,8,50.5,1.0,Laptop,instagram,paid,11.0,1,79.4,-,1.0,0
L-01157,2026-01-18,24.0,3,Masters,7.1,3.01,6,2,47.9,1.0,Laptop,youtube,free,8.0,yes,69.1,duplicate?  check,1.0,0
L-00735,2026-03-16,15.0,2,High School,9.5,2.84,4,2,52.6,1.0,Desktop,youtube,free,8.0,0,,,0.0,0
L-01622,2026-04-12,20.0,3,Diploma,2.9,1.49,0,3,0.0,0.0,Mobile,youtube,scholarship,12.0,N,,asked about certificate,0.0,1
L-01671,2026-06-17,28.0,2,High School,3.4,5.37,3,2,29.6,-1.0,Laptop,youtube,scholarship,16.0,0,,requested extension,0.0,0
L-01875,2026-06-19,24.0,1,Bachelors,10.0,3.47,6,1,97.2,1.0,Mobile,friend,paid,21.0,1,83.5,-,1.0,0
L-02599,2026-04-14,21.0,2,Diploma,7.6,5.2,3,5,64.3,0.0,Mobile,school_partner,scholarship,3.0,Yes,71.5,,1.0,0
L-01902,2026-03-10,17.0,2,Diploma,12.5,1.78,7,4,53.5,0.0,Mobile,school_partner,free,12.0,TRUE,73.4,,1.0,1
L-01472,2026-01-25,24.0,1,Bachelors,9.5,0.56,2,4,65.7,0.0,Laptop,ngo_outreach,scholarship,18.0,FALSE,,,0.0,0
L-02121,2026-04-04,25.0,2,High School,5.4,3.48,2,1,45.5,0.0,Mobile,instagram,free,12.0,0,,,0.0,1
L-00338,2026-05-21,24.0,3,Masters,13.6,2.6,2,4,80.4,0.0,Laptop,instagram,free,5.0,TRUE,85.7,,1.0,0
L-02727,2026-02-09,23.0,2,Bachelors,7.1,6.07,5,7,29.3,1.0,Desktop,school_partner,paid,19.0,FALSE,,follow up next intake,0.0,0
L-02331,2026-01-21,21.0,3,Bachelors,15.8,3.73,5,0,14.6,0.0,Mobile,instagram,free,15.0,no,,,0.0,0
L-02363,2026-06-10,23.0,1,High School,2.7,2.34,4,2,45.5,0.0,Desktop,instagram,scholarship,19.0,no,,,0.0,0
L-02295,2026-04-04,22.0,3,Diploma,6.6,2.25,2,1,100.0,0.0,Mobile,friend,free,12.0,FALSE,,,0.0,1
L-02410,2026-04-04,26.0,2,Bachelors,10.8,3.48,3,0,47.5,0.0,Desktop,instagram,paid,4.0,Yes,79.0,follow up next intake,1.0,0
L-02356,2026-04-10,18.0,2,Bachelors,5.3,3.39,3,5,61.8,0.0,Mobile,youtube,free,11.0,No,47.7,,0.0,0
L-02321,2026-06-02,21.0,1,Diploma,7.5,2.03,0,1,26.3,0.0,Mobile,school_partner,free,20.0,FALSE,,,0.0,0
L-01271,2026-04-20,26.0,2,Masters,10.1,4.21,4,1,55.5,-1.0,Laptop,youtube,paid,2.0,Yes,77.6,,1.0,0
L-00171,2026-04-11,21.0,3,Diploma,7.4,1.71,5,1,74.1,0.0,Desktop,instagram,scholarship,20.0,0,,,0.0,0
L-02677,2026-03-17,33.0,1,High School,4.4,3.25,5,1,52.9,0.0,Mobile,friend,paid,18.0,TRUE,83.0,asked about certificate,1.0,0
L-00011,2026-06-09,21.0,Unknown,Diploma,8.8,2.85,3,2,24.3,1.0,Mobile,friend,scholarship,19.0,no,,,0.0,0
L-01119,2026-06-21,30.0,1,High School,6.5,3.6,2,3,83.4,1.0,Tablet,school_partner,free,19.0,TRUE,54.7,-,1.0,0
L-01847,2026-06-15,24.0,2,Unknown,16.8,3.2,5,0,97.6,1.0,Mobile,friend,paid,12.0,Yes,73.2,asked about certificate,1.0,1
L-02292,2026-02-22,21.0,3,High School,12.0,3.49,2,1,75.4,1.0,Mobile,instagram,paid,12.0,No,,requested extension,0.0,0
L-01818,2026-01-25,21.0,2,Unknown,10.2,3.33,2,2,39.1,0.0,Laptop,other,paid,7.0,Yes,73.5,requested extension,1.0,0
L-00340,2026-03-09,19.0,1,Masters,12.0,3.99,6,7,27.9,1.0,Mobile,friend,scholarship,12.0,yes,68.2,,1.0,1
L-00859,2026-02-05,24.0,2,Bachelors,10.0,3.13,4,4,84.8,0.0,Desktop,other,paid,12.0,no,,duplicate?  check,0.0,0
L-00563,2026-03-03,17.0,1,High School,7.1,3.83,0,7,25.0,1.0,Desktop,instagram,scholarship,12.0,0,,,0.0,1
L-01586,2026-01-10,19.0,3,High School,8.2,3.13,8,4,51.3,1.0,Mobile,school_partner,free,16.0,1,72.2,,1.0,0
L-01715,2026-01-22,18.0,3,Bachelors,7.3,0.95,0,3,47.5,1.0,Mobile,instagram,free,12.0,no,,follow up next intake,0.0,0
L-01199,2026-02-10,25.0,1,Diploma,8.7,1.87,6,2,85.6,0.0,Mobile,school_partner,scholarship,4.0,Yes,81.5,requested extension,1.0,0
L-02208,2026-01-05,22.0,1,Masters,9.5,1.8,8,5,49.8,1.0,Laptop,youtube,scholarship,12.0,Y,86.1,,1.0,0
L-02320,2026-05-17,31.0,1,Diploma,6.3,6.48,5,7,84.8,1.0,Mobile,school_partner,scholarship,9.0,1,74.1,,1.0,0
L-01292,2026-04-07,19.0,Unknown,Unknown,7.0,1.11,7,1,23.4,1.0,Laptop,school_partner,paid,8.0,Y,80.8,asked about certificate,1.0,0
L-02683,2026-01-22,28.0,Unknown,High School,8.4,1.65,3,3,0.0,0.0,Mobile,friend,paid,8.0,No,,duplicate?  check,0.0,0
L-00469,2026-02-12,19.0,3,High School,13.6,7.0,6,10,58.7,0.0,Mobile,instagram,paid,16.0,Yes,61.7,duplicate?  check,1.0,0
L-00361,2026-04-06,22.0,2,Diploma,1.0,5.2,5,7,29.1,1.0,Laptop,instagram,paid,10.0,no,,follow up next intake,0.0,0
L-02437,2026-03-19,18.0,1,Other,9.8,3.14,4,1,69.9,0.0,Mobile,ngo_outreach,free,18.0,yes,72.7,,1.0,0
L-01051,2026-06-12,28.0,2,Diploma,10.8,5.47,8,1,77.6,0.0,Mobile,instagram,paid,14.0,Y,77.3,,1.0,0
L-02417,2026-02-26,26.0,2,High School,9.2,2.2,7,1,51.5,0.0,Mobile,youtube,free,12.0,0,,requested extension,0.0,1
L-02589,2026-02-09,18.0,1,High School,7.0,1.04,0,2,74.6,1.0,Mobile,school_partner,free,3.0,N,48.9,,0.0,0
L-02222,2026-05-01,23.0,1,Other,4.3,4.61,6,9,84.3,1.0,Mobile,youtube,scholarship,7.0,yes,74.0,,1.0,0
L-01841,2026-06-02,21.0,2,Diploma,1.0,2.21,0,1,0.0,0.0,Mobile,youtube,free,12.0,no,,-,0.0,1
L-02590,2026-03-17,19.0,2,Bachelors,7.1,2.19,10,5,83.5,0.0,Mobile,instagram,paid,2.0,yes,72.6,-,1.0,0
L-01450,2026-03-14,24.0,2,High School,9.2,5.11,3,5,39.8,0.0,Laptop,ngo_outreach,paid,2.0,no,,follow up next intake,0.0,0
L-01384,2026-02-17,21.0,1,High School,8.0,3.34,8,9,62.1,1.0,Desktop,youtube,scholarship,16.0,1,67.7,follow up next intake,1.0,0
L-00451,2026-03-07,26.0,1,High School,2.5,3.13,5,0,19.6,1.0,Desktop,friend,free,9.0,FALSE,,,0.0,0
L-01121,2026-06-03,22.0,2,Unknown,2.9,2.45,3,1,45.5,0.0,Laptop,instagram,free,20.0,TRUE,71.0,,1.0,0
L-01145,2026-03-06,22.0,1,Bachelors,10.1,2.4,0,2,36.7,1.0,Laptop,instagram,free,12.0,No,,,0.0,0
L-01095,2026-01-24,21.0,2,Bachelors,5.8,2.34,4,5,58.3,0.0,Laptop,school_partner,scholarship,5.0,No,,-,0.0,0
L-02183,2026-06-08,22.0,3,Diploma,2.5,2.59,2,1,15.7,1.0,Mobile,other,free,12.0,N,,,0.0,1
L-01445,2026-01-20,21.0,3,Bachelors,8.3,4.32,4,7,72.3,1.0,Mobile,ngo_outreach,scholarship,12.0,TRUE,75.1,,1.0,1
L-01374,2026-04-15,21.0,1,Bachelors,6.0,2.54,5,2,52.1,1.0,Desktop,ngo_outreach,free,16.0,FALSE,,requested extension,0.0,0
L-00869,2026-05-19,27.0,1,Bachelors,8.6,1.51,0,1,0.4,1.0,Desktop,instagram,scholarship,12.0,No,,,0.0,1
L-02328,2026-06-13,15.0,2,Bachelors,8.7,2.39,4,1,45.5,0.0,Laptop,friend,scholarship,12.0,0,,,0.0,1
L-01246,2026-04-28,17.0,1,Bachelors,9.6,6.46,7,2,67.5,1.0,Mobile,other,free,2.0,TRUE,68.7,follow up next intake,1.0,0
L-02428,2026-05-09,16.0,3,Bachelors,7.7,1.19,4,2,23.3,0.0,Laptop,youtube,free,9.0,N,,asked about certificate,0.0,0
L-02337,2026-03-14,20.0,2,Bachelors,7.8,1.62,0,7,44.2,0.0,Desktop,school_partner,scholarship,12.0,no,,,0.0,1
L-00438,2026-03-21,20.0,2,Bachelors,5.8,3.46,3,0,39.3,-1.0,Laptop,instagram,paid,17.0,yes,64.1,follow up next intake,1.0,0
L-02651,2026-03-07,25.0,1,Bachelors,13.3,3.32,7,8,45.5,1.0,Laptop,instagram,scholarship,20.0,Yes,90.4,-,1.0,0
L-00726,2026-05-15,30.0,1,Masters,3.5,2.63,4,1,21.5,0.0,Laptop,instagram,scholarship,12.0,No,39.2,,0.0,1
L-01776,2026-01-24,33.0,2,Bachelors,9.4,4.84,7,3,71.4,0.0,Mobile,youtube,paid,4.0,TRUE,80.0,,1.0,0
L-00513,2026-01-21,17.0,3,High School,9.6,4.93,8,6,88.3,0.0,Mobile,instagram,scholarship,19.0,Yes,75.2,asked about certificate,1.0,0
L-01921,2026-05-13,20.0,2,Bachelors,7.1,5.92,7,7,57.8,0.0,Mobile,school_partner,free,3.0,yes,81.5,duplicate?  check,1.0,0
L-02708,2026-03-10,23.0,1,Bachelors,8.7,2.17,6,1,75.0,-1.0,Laptop,instagram,free,20.0,yes,81.1,,1.0,0
L-00445,2026-06-28,18.0,1,Bachelors,15.6,2.96,1,3,0.0,1.0,Laptop,instagram,free,15.0,N,,asked about certificate,0.0,0
L-01130,2026-02-19,15.0,2,Diploma,13.1,3.04,5,6,71.5,0.0,Desktop,friend,scholarship,12.0,N,,,0.0,1
L-02395,2026-05-28,28.0,2,Masters,7.5,0.34,0,6,6.7,0.0,Laptop,ngo_outreach,scholarship,12.0,No,38.6,called on phone,0.0,1
L-01442,2026-03-18,23.0,3,Masters,8.0,5.7,8,1,89.4,0.0,Mobile,youtube,paid,10.0,TRUE,91.1,called on phone,1.0,0
L-02553,2026-06-10,20.0,1,High School,9.3,1.63,1,4,29.0,1.0,Laptop,instagram,scholarship,12.0,0,60.8,requested extension,0.0,1
L-01265,2026-01-15,21.0,2,High School,13.9,5.4,4,1,32.3,1.0,Desktop,youtube,free,12.0,No,42.6,duplicate?  check,0.0,1
L-01845,2026-04-01,17.0,2,Unknown,2.7,4.69,3,3,49.4,0.0,Tablet,school_partner,free,6.0,No,,,0.0,0
L-02213,2026-04-21,15.0,Unknown,High School,7.1,2.45,5,3,46.4,0.0,Mobile,friend,free,12.0,N,51.2,,0.0,1
L-00208,2026-04-10,22.0,1,High School,2.0,3.48,4,2,51.5,1.0,Mobile,other,scholarship,16.0,no,47.7,,0.0,0
L-02623,2026-05-21,17.0,2,Bachelors,1.5,3.2,0,3,48.5,1.0,Laptop,friend,scholarship,12.0,1,73.8,,1.0,1
L-01052,2026-04-09,17.0,1,Diploma,7.1,2.94,1,0,27.7,1.0,Laptop,instagram,free,12.0,N,,,0.0,1
L-00607,2026-06-12,29.0,1,Other,2.7,3.38,5,9,100.0,0.0,Laptop,youtube,free,12.0,TRUE,63.6,asked about certificate,1.0,1
L-01184,2026-05-06,23.0,2,Unknown,13.6,5.82,3,3,37.6,0.0,Desktop,other,scholarship,19.0,TRUE,45.6,asked about certificate,0.0,0
L-00331,2026-01-23,22.0,1,Diploma,7.4,1.77,0,2,64.3,1.0,Mobile,school_partner,scholarship,14.0,no,,-,0.0,0
L-00347,2026-05-15,15.0,1,Bachelors,11.5,3.13,4,3,18.3,1.0,Tablet,youtube,scholarship,12.0,No,,requested extension,0.0,1
L-02154,2026-06-07,26.0,2,High School,8.6,3.67,4,2,76.6,1.0,Mobile,school_partner,free,6.0,No,,follow up next intake,0.0,0
L-01674,2026-03-09,24.0,2,Other,6.2,5.19,4,2,76.7,1.0,Laptop,friend,paid,12.0,Y,76.3,,1.0,0
L-02718,2026-02-18,16.0,2,High School,8.6,4.36,4,5,78.1,1.0,Laptop,ngo_outreach,scholarship,16.0,TRUE,70.3,,1.0,0
L-02053,2026-01-16,15.0,1,Diploma,13.7,2.17,5,1,46.5,0.0,Mobile,instagram,free,2.0,FALSE,37.9,called on phone,0.0,0
L-00078,2026-04-28,18.0,3,High School,5.1,3.94,4,3,77.1,1.0,Laptop,friend,scholarship,19.0,no,,-,0.0,0
L-02514,2026-03-18,23.0,1,Diploma,6.1,4.44,2,2,37.6,0.0,Mobile,school_partner,paid,19.0,0,,duplicate?  check,0.0,0
L-01150,2026-04-22,15.0,3,Bachelors,13.3,5.06,6,2,51.8,0.0,Desktop,instagram,scholarship,16.0,Yes,72.7,,1.0,0
L-01599,2026-04-07,20.0,2,Bachelors,2.1,4.95,6,3,29.0,0.0,Mobile,ngo_outreach,free,12.0,yes,80.8,,1.0,1
L-02088,2026-05-26,24.0,1,Other,8.8,3.03,6,2,91.2,0.0,Laptop,other,paid,1.0,TRUE,58.9,duplicate?  check,1.0,0
L-00174,2026-02-14,15.0,2,High School,4.4,3.6,2,3,60.1,1.0,Laptop,school_partner,free,5.0,FALSE,,called on phone,0.0,0
L-02778,2026-04-20,19.0,3,High School,8.9,1.46,1,1,38.3,0.0,Mobile,ngo_outreach,free,12.0,No,,,0.0,1
L-01641,2026-02-24,21.0,2,Bachelors,7.3,0.42,3,1,32.6,0.0,Mobile,instagram,free,12.0,No,,,0.0,1
L-01858,2026-03-03,17.0,1,Bachelors,7.0,4.18,3,4,77.5,0.0,Laptop,instagram,free,14.0,Y,82.3,,1.0,0
L-01188,2026-01-20,18.0,2,Masters,8.3,5.08,7,4,92.7,0.0,Mobile,friend,free,2.0,TRUE,60.4,follow up next intake,1.0,0
L-02114,2026-06-08,21.0,3,High School,10.9,2.06,9,1,38.8,0.0,Laptop,school_partner,free,11.0,N,39.5,called on phone,0.0,0
L-01273,2026-06-06,25.0,Unknown,Bachelors,9.6,4.18,7,3,34.9,0.0,Mobile,instagram,paid,12.0,No,,asked about certificate,0.0,1
L-00912,2026-03-02,21.0,1,Other,6.8,4.11,5,7,100.0,1.0,Mobile,other,paid,10.0,yes,87.9,,1.0,0
L-02254,2026-04-27,21.0,1,Bachelors,10.8,2.05,2,1,30.8,1.0,Mobile,youtube,scholarship,12.0,FALSE,,,0.0,1
L-00723,2026-05-13,24.0,1,Bachelors,5.4,2.09,2,8,8.4,1.0,Mobile,ngo_outreach,free,21.0,No,,,0.0,0
L-01720,2026-02-19,18.0,2,Bachelors,7.4,1.79,6,7,46.6,0.0,Mobile,friend,scholarship,17.0,Y,88.3,duplicate?  check,1.0,0
L-00063,2026-02-22,16.0,3,Diploma,4.8,3.55,4,2,44.1,0.0,Laptop,instagram,free,12.0,1,85.2,-,1.0,1
L-02100,2026-04-01,22.0,2,Masters,6.3,1.82,2,1,10.1,0.0,Laptop,other,scholarship,2.0,0,,asked about certificate,0.0,0
L-02148,2026-01-21,21.0,3,High School,14.9,3.82,5,3,76.5,0.0,Mobile,school_partner,scholarship,12.0,TRUE,70.1,,1.0,1
L-01961,2026-01-18,15.0,1,Bachelors,7.1,2.63,8,1,33.8,0.0,Mobile,friend,scholarship,1.0,Yes,84.8,requested extension,1.0,0
L-00834,2026-03-28,21.0,1,High School,3.9,5.77,6,5,38.8,1.0,Laptop,instagram,free,12.0,No,,duplicate?  check,0.0,1
L-02045,2026-02-27,17.0,2,High School,4.4,0.08,0,3,53.0,0.0,Mobile,friend,scholarship,5.0,0,,,0.0,0
L-02392,2026-01-18,24.0,3,High School,8.7,3.62,3,3,51.0,1.0,Laptop,friend,free,9.0,N,,requested extension,0.0,0
L-00899,2026-01-14,17.0,2,High School,5.2,0.0,0,7,36.5,0.0,Laptop,instagram,free,12.0,0,,,0.0,1
L-00358,2026-01-23,15.0,2,Diploma,6.0,4.3,3,4,28.8,0.0,Laptop,ngo_outreach,free,12.0,no,,duplicate?  check,0.0,1
L-01987,2026-04-12,19.0,1,Bachelors,2.4,4.41,2,6,45.5,0.0,Desktop,friend,scholarship,3.0,yes,73.9,duplicate?  check,1.0,0
L-02678,2026-04-21,15.0,1,Diploma,9.9,3.08,3,1,55.2,1.0,Mobile,school_partner,scholarship,5.0,no,55.5,requested extension,0.0,0
L-01578,2026-06-07,25.0,3,Masters,6.5,1.57,0,3,26.9,0.0,Laptop,school_partner,scholarship,12.0,1,90.3,requested extension,1.0,1
L-02618,2026-02-06,25.0,3,Diploma,9.1,0.87,0,1,30.0,1.0,Mobile,instagram,paid,12.0,0,,,0.0,1
L-02285,2026-05-20,15.0,1,High School,11.6,2.16,2,3,31.6,0.0,Laptop,school_partner,paid,12.0,no,,asked about certificate,0.0,1
L-00605,2026-03-26,17.0,1,Diploma,8.7,1.15,2,0,34.3,1.0,Laptop,friend,scholarship,12.0,N,,called on phone,0.0,1
L-01033,2026-03-08,19.0,1,Bachelors,8.7,4.54,5,2,45.0,1.0,Laptop,friend,scholarship,9.0,no,,asked about certificate,0.0,0
L-01432,2026-06-10,20.0,2,Diploma,5.2,2.06,4,4,25.3,1.0,Laptop,friend,scholarship,19.0,FALSE,,follow up next intake,0.0,0
L-02390,2026-06-09,21.0,3,High School,8.9,0.31,1,5,38.8,0.0,Mobile,instagram,free,12.0,FALSE,,,0.0,1
L-00773,2026-02-28,19.0,3,Diploma,8.1,2.96,2,1,52.9,0.0,Mobile,youtube,free,18.0,No,51.2,asked about certificate,0.0,0
L-00325,2026-01-24,29.0,3,Diploma,7.3,1.86,0,7,15.1,0.0,Mobile,school_partner,free,12.0,No,,,0.0,1
L-00923,2026-06-04,23.0,1,Bachelors,12.1,4.41,4,4,65.9,1.0,Mobile,friend,scholarship,12.0,TRUE,73.3,asked about certificate,1.0,1
L-00506,2026-02-06,24.0,1,Bachelors,6.1,1.42,5,2,45.5,0.0,Mobile,school_partner,free,12.0,TRUE,19.5,,0.0,1
L-01714,2026-03-27,21.0,2,Diploma,1.0,3.04,7,4,48.7,0.0,Mobile,school_partner,scholarship,6.0,yes,66.5,called on phone,1.0,0
L-01144,2026-04-03,22.0,3,Diploma,10.2,3.05,4,7,65.8,1.0,Mobile,friend,free,7.0,No,41.2,,0.0,0
L-00932,2026-04-15,20.0,2,Bachelors,8.7,3.54,7,3,31.9,0.0,Tablet,youtube,free,6.0,TRUE,70.3,called on phone,1.0,0
L-00651,2026-05-08,19.0,2,Bachelors,7.6,4.08,8,4,100.0,0.0,Mobile,instagram,scholarship,3.0,Y,94.9,,1.0,0
L-00743,2026-06-20,22.0,1,Bachelors,11.5,4.88,7,4,55.9,0.0,Mobile,school_partner,scholarship,12.0,yes,87.7,follow up next intake,1.0,1
L-02655,2026-02-01,16.0,1,High School,6.2,2.87,4,2,11.7,1.0,Desktop,instagram,paid,12.0,no,,,0.0,1
L-02705,2026-05-20,21.0,2,High School,10.7,3.85,5,2,49.9,1.0,Tablet,friend,paid,12.0,TRUE,65.6,,1.0,1
L-00384,2026-03-03,20.0,2,High School,4.3,4.57,4,0,43.0,0.0,Laptop,instagram,paid,13.0,No,,,0.0,0
L-02364,2026-02-10,20.0,1,High School,6.0,3.76,7,8,63.2,0.0,Mobile,school_partner,scholarship,10.0,TRUE,84.5,asked about certificate,1.0,0
L-02577,2026-06-11,25.0,2,Diploma,6.7,2.81,0,1,19.5,0.0,Mobile,other,free,11.0,no,43.5,-,0.0,0
L-00269,2026-03-24,26.0,1,Other,8.1,3.43,10,8,77.1,1.0,Tablet,ngo_outreach,free,7.0,Yes,80.7,,1.0,0
L-01168,2026-02-07,21.0,3,Bachelors,9.7,1.5,2,1,31.5,0.0,Desktop,instagram,scholarship,20.0,N,,,0.0,0
L-01298,2026-04-15,23.0,3,High School,11.8,0.16,2,1,58.8,0.0,Mobile,instagram,free,12.0,no,,,0.0,1
L-00924,2026-01-15,22.0,1,High School,2.5,4.63,6,4,100.0,0.0,Laptop,school_partner,free,8.0,yes,78.5,asked about certificate,1.0,0
L-01039,2026-05-07,19.0,1,High School,5.8,3.83,5,7,45.5,0.0,Mobile,ngo_outreach,free,0.0,0,50.0,called on phone,0.0,0
L-02481,2026-01-24,21.0,2,Bachelors,11.6,3.92,6,8,45.5,0.0,Laptop,school_partner,free,13.0,yes,65.9,asked about certificate,1.0,0
L-01274,2026-02-08,16.0,2,Masters,5.2,1.78,1,4,34.1,0.0,Laptop,friend,scholarship,12.0,FALSE,,duplicate?  check,0.0,1
L-01932,2026-06-03,23.0,3,Bachelors,2.8,2.65,3,0,43.2,0.0,Mobile,instagram,free,17.0,no,,asked about certificate,0.0,0
L-01652,2026-02-20,20.0,1,High School,5.9,5.38,8,6,49.9,0.0,Mobile,instagram,free,11.0,TRUE,78.0,called on phone,1.0,0
L-00205,2026-03-03,24.0,1,High School,8.8,3.97,0,1,43.8,1.0,Mobile,ngo_outreach,scholarship,12.0,N,,,0.0,1
L-00771,2026-04-22,22.0,2,Other,2.7,1.33,3,1,19.3,0.0,Mobile,friend,scholarship,12.0,Yes,71.7,called on phone,1.0,1
L-02322,2026-02-08,21.0,2,Diploma,6.8,1.98,3,3,24.2,0.0,Mobile,instagram,paid,12.0,FALSE,,follow up next intake,0.0,1
L-00107,2026-04-23,21.0,2,High School,14.8,5.16,5,1,94.3,0.0,Laptop,school_partner,scholarship,12.0,yes,83.0,,1.0,1
L-02178,2026-02-05,19.0,1,Diploma,8.7,3.61,0,0,19.1,0.0,Tablet,school_partner,scholarship,12.0,No,,,0.0,1
L-00533,2026-03-01,26.0,1,Bachelors,3.8,1.09,0,1,16.7,1.0,Laptop,school_partner,scholarship,21.0,no,40.1,asked about certificate,0.0,0
L-02694,2026-06-04,17.0,1,Diploma,10.4,2.24,0,5,11.5,1.0,Laptop,school_partner,paid,12.0,no,,called on phone,0.0,1
L-02526,2026-06-22,25.0,1,High School,1.0,6.26,7,5,89.1,1.0,Laptop,youtube,scholarship,4.0,yes,60.2,follow up next intake,1.0,0
L-01321,2026-06-24,27.0,2,Masters,7.0,3.13,3,7,44.1,0.0,Mobile,friend,free,11.0,0,,,0.0,0
L-02726,2026-03-16,22.0,2,Masters,13.1,2.81,7,8,56.2,0.0,Mobile,instagram,free,9.0,no,,requested extension,0.0,0
L-01503,2026-01-13,28.0,1,High School,9.6,4.31,3,3,37.9,0.0,Mobile,ngo_outreach,free,12.0,No,,,0.0,1
L-00748,2026-01-28,27.0,3,Diploma,1.0,3.62,3,5,12.3,1.0,Laptop,school_partner,free,12.0,no,,,0.0,1
L-00265,2026-06-23,15.0,2,Bachelors,8.9,2.95,4,5,8.6,1.0,Mobile,friend,scholarship,14.0,yes,80.0,,1.0,0
L-01361,2026-06-05,23.0,3,Masters,9.0,2.11,5,3,26.0,1.0,Mobile,other,free,12.0,N,,,0.0,1
L-01285,2026-03-02,17.0,3,Diploma,13.8,5.07,3,2,82.2,0.0,Desktop,school_partner,paid,12.0,No,,called on phone,0.0,1
L-01096,2026-03-02,25.0,2,Bachelors,11.7,3.17,9,2,60.2,1.0,Mobile,youtube,free,12.0,1,84.3,,1.0,1
L-00521,2026-05-27,19.0,2,Diploma,4.9,2.6,6,2,91.9,0.0,Laptop,friend,free,19.0,No,,,0.0,0
L-02146,2026-01-19,21.0,2,High School,6.1,3.46,2,2,23.9,1.0,Laptop,youtube,free,12.0,FALSE,,,0.0,1
L-02436,2026-02-16,16.0,2,High School,7.1,0.92,5,3,57.3,1.0,Mobile,other,free,20.0,N,,,0.0,0
L-00888,2026-05-28,26.0,1,Unknown,7.5,3.13,2,1,63.1,0.0,Laptop,instagram,scholarship,12.0,No,,asked about certificate,0.0,1
L-01110,2026-01-21,17.0,3,Diploma,4.9,2.28,5,1,13.9,0.0,Laptop,school_partner,free,19.0,Y,93.9,,1.0,0
L-00488,2026-02-26,20.0,1,Bachelors,1.3,3.61,0,3,42.3,0.0,Mobile,other,paid,12.0,0,,,0.0,1
L-02477,2026-03-20,15.0,2,Masters,6.8,3.34,5,0,40.8,0.0,Laptop,youtube,free,12.0,N,,-,0.0,1
L-00825,2026-06-17,21.0,2,Other,8.9,2.12,2,2,36.5,1.0,Laptop,youtube,scholarship,12.0,No,44.7,,0.0,0
L-01683,2026-06-05,19.0,Unknown,Bachelors,6.3,2.94,5,8,51.9,0.0,Laptop,instagram,free,0.0,Yes,81.4,asked about certificate,1.0,0
L-01049,2026-03-19,24.0,1,Diploma,6.3,3.65,2,4,0.0,1.0,Mobile,school_partner,free,12.0,N,,called on phone,0.0,1
L-01102,2026-04-28,15.0,1,Diploma,10.5,3.13,0,0,17.0,0.0,Mobile,school_partner,scholarship,12.0,no,,duplicate?  check,0.0,1
L-00708,2026-03-21,23.0,3,Unknown,7.3,3.67,10,4,89.2,0.0,Mobile,school_partner,paid,14.0,Yes,78.5,,1.0,0
L-01221,2026-01-26,26.0,1,Unknown,9.1,6.56,2,2,36.2,1.0,Mobile,school_partner,scholarship,15.0,N,,called on phone,0.0,0
L-01498,2026-06-22,18.0,3,High School,6.6,3.37,1,5,7.1,0.0,Mobile,youtube,scholarship,11.0,no,,,0.0,0
L-01147,2026-05-10,22.0,2,Unknown,1.0,0.95,0,7,15.4,1.0,Laptop,friend,free,13.0,FALSE,,,0.0,0
L-00266,2026-06-14,27.0,3,Diploma,7.7,2.16,1,2,4.3,0.0,Laptop,friend,scholarship,6.0,FALSE,,,0.0,0
L-02180,2026-02-04,28.0,1,Bachelors,8.5,2.23,2,2,22.0,0.0,Mobile,instagram,free,16.0,FALSE,,,0.0,0
L-02540,2026-04-04,24.0,3,Diploma,10.8,3.31,4,9,45.5,0.0,Laptop,other,scholarship,2.0,TRUE,65.3,,1.0,0
L-01478,2026-02-08,26.0,1,High School,10.0,1.63,0,0,0.0,1.0,Mobile,ngo_outreach,free,12.0,No,,called on phone,0.0,1
L-02305,2026-05-01,21.0,2,Diploma,3.2,4.25,2,1,46.6,0.0,Mobile,school_partner,scholarship,21.0,FALSE,,follow up next intake,0.0,0
L-01969,2026-02-01,18.0,3,Bachelors,2.3,0.81,2,5,51.3,0.0,Desktop,instagram,paid,12.0,no,,called on phone,0.0,0
L-02405,2026-05-21,21.0,2,Diploma,2.4,1.18,3,0,45.8,0.0,Mobile,other,free,1.0,N,,requested extension,0.0,0
L-00539,2026-04-04,22.0,1,Diploma,6.6,4.27,2,4,77.7,0.0,Mobile,friend,free,12.0,N,,,0.0,1
L-00541,2026-03-09,22.0,1,Bachelors,13.3,3.59,9,3,15.4,0.0,Mobile,friend,paid,12.0,No,,called on phone,0.0,1
L-00909,2026-05-18,20.0,2,Other,10.8,0.93,3,5,28.5,0.0,Desktop,school_partner,free,12.0,no,,,0.0,0
L-01092,2026-05-08,17.0,2,Diploma,1.0,0.64,4,0,19.7,0.0,Mobile,school_partner,scholarship,4.0,TRUE,83.3,,1.0,0
L-01356,2026-04-10,15.0,2,Bachelors,6.1,3.56,6,4,51.4,0.0,Mobile,friend,free,12.0,1,79.0,,1.0,1
L-02796,2026-03-02,25.0,2,Masters,1.0,0.94,0,9,0.0,1.0,Laptop,friend,free,12.0,FALSE,,,0.0,1
L-02389,2026-03-27,15.0,1,Diploma,3.3,3.48,5,3,29.7,1.0,Laptop,ngo_outreach,scholarship,12.0,1,75.5,,1.0,1
L-00189,2026-03-11,29.0,3,Diploma,2.2,3.65,4,5,78.7,1.0,Mobile,friend,free,7.0,Yes,73.4,,1.0,0
L-02430,2026-02-08,15.0,2,Bachelors,9.6,4.63,3,1,56.9,0.0,Mobile,instagram,free,20.0,N,46.2,,0.0,0
L-02408,2026-02-14,19.0,2,Bachelors,5.3,3.44,3,3,28.8,0.0,Mobile,friend,free,1.0,0,,duplicate?  check,0.0,0
L-01798,2026-03-22,23.0,3,Bachelors,8.4,1.79,2,1,47.9,1.0,Mobile,friend,paid,4.0,FALSE,,,0.0,0
L-02419,2026-01-18,25.0,2,Masters,2.7,1.68,6,3,45.4,-1.0,Laptop,friend,paid,13.0,yes,68.2,follow up next intake,1.0,0
L-02573,2026-01-06,21.0,2,Bachelors,8.0,3.13,2,3,67.7,1.0,Laptop,youtube,paid,12.0,1,71.9,,1.0,1
L-00943,2026-03-24,16.0,1,Masters,5.8,1.55,2,1,38.2,-1.0,Laptop,instagram,paid,12.0,FALSE,,,0.0,1
L-01673,2026-02-07,15.0,3,High School,7.6,3.15,2,3,39.3,0.0,Mobile,school_partner,free,19.0,no,,,0.0,0
L-01620,2026-02-07,23.0,3,Bachelors,7.5,5.37,3,1,44.5,1.0,Mobile,school_partner,scholarship,12.0,no,,-,0.0,1
L-02124,2026-03-28,21.0,3,High School,2.1,1.85,0,2,19.2,0.0,Laptop,instagram,free,12.0,No,,follow up next intake,0.0,1
L-02585,2026-03-23,21.0,1,High School,8.1,5.37,4,6,72.1,1.0,Mobile,instagram,free,5.0,FALSE,,,0.0,0
L-00739,2026-06-08,27.0,2,High School,2.3,1.51,3,3,4.7,0.0,Mobile,youtube,paid,12.0,N,,,0.0,1
L-01468,2026-06-07,18.0,1,High School,4.5,1.95,5,6,16.7,0.0,Desktop,youtube,free,15.0,0,,,0.0,0
L-02412,2026-03-18,20.0,1,Other,3.3,2.38,6,1,60.0,0.0,Mobile,school_partner,free,18.0,TRUE,87.1,-,1.0,0
L-00699,2026-04-27,25.0,3,Bachelors,1.0,2.33,0,1,12.9,0.0,Desktop,other,scholarship,18.0,N,,called on phone,0.0,0
L-00718,2026-03-06,20.0,1,Diploma,9.9,1.55,2,0,45.5,0.0,Mobile,youtube,free,12.0,N,,follow up next intake,0.0,1
L-01500,2026-01-16,21.0,2,Masters,7.4,3.56,6,2,100.0,0.0,Laptop,ngo_outreach,scholarship,12.0,FALSE,,-,0.0,1
L-01551,2026-04-16,24.0,2,Masters,2.9,2.89,1,2,20.8,1.0,Mobile,friend,paid,12.0,Y,80.3,,1.0,1
L-02566,2026-06-06,18.0,1,High School,1.2,0.0,3,2,45.5,1.0,Laptop,friend,free,12.0,N,,,0.0,1
L-02038,2026-02-09,15.0,1,High School,9.4,5.47,4,10,53.8,0.0,Tablet,school_partner,free,2.0,Y,73.6,,1.0,0
L-00574,2026-03-22,15.0,2,High School,11.4,2.15,1,0,5.7,0.0,Mobile,friend,scholarship,17.0,0,,,0.0,0
L-02397,2026-02-01,19.0,Unknown,Masters,3.9,2.73,7,2,45.5,0.0,Laptop,friend,free,4.0,Yes,85.2,follow up next intake,1.0,0
L-01604,2026-02-11,26.0,1,Diploma,6.9,2.91,3,1,80.0,0.0,Mobile,instagram,scholarship,5.0,0,,asked about certificate,0.0,0
L-01023,2026-02-24,19.0,1,Bachelors,11.1,3.43,3,7,19.3,1.0,Laptop,other,free,16.0,0,,duplicate?  check,0.0,0
L-01111,2026-01-13,15.0,3,Diploma,7.1,5.24,4,9,82.0,1.0,Mobile,school_partner,free,12.0,no,,,0.0,1
L-00740,2026-02-22,27.0,3,Bachelors,7.1,2.83,7,2,45.5,1.0,Laptop,instagram,scholarship,12.0,1,74.0,follow up next intake,1.0,1
L-00456,2026-03-21,21.0,3,High School,4.5,1.32,2,3,18.0,1.0,Mobile,school_partner,free,12.0,N,,asked about certificate,0.0,1
L-01219,2026-03-01,21.0,2,High School,1.0,3.07,0,4,23.9,0.0,Mobile,friend,scholarship,18.0,1,81.3,-,1.0,0
L-01851,2026-06-06,17.0,3,Unknown,12.7,1.92,5,2,78.2,0.0,Laptop,friend,free,12.0,FALSE,,,0.0,0
L-00671,2026-01-05,18.0,1,Bachelors,1.5,3.78,5,2,40.4,0.0,Laptop,instagram,scholarship,18.0,Y,87.8,,1.0,0
L-00840,2026-02-20,21.0,2,Bachelors,5.1,0.63,2,5,8.6,0.0,Laptop,other,free,12.0,no,,,0.0,1
L-01497,2026-05-08,21.0,1,Diploma,7.1,4.14,7,4,62.3,1.0,Mobile,ngo_outreach,scholarship,3.0,1,73.6,-,1.0,0
L-00134,2026-05-15,23.0,1,Unknown,7.1,3.53,6,1,52.8,0.0,Tablet,friend,free,10.0,TRUE,84.3,,1.0,0
L-02092,2026-05-05,26.0,3,High School,5.0,5.54,5,5,25.6,1.0,Mobile,instagram,free,12.0,0,,,0.0,1
L-02500,2026-06-03,25.0,3,Bachelors,6.2,2.87,5,2,50.1,0.0,Laptop,youtube,paid,16.0,1,68.1,-,1.0,0
L-00354,2026-02-26,22.0,2,Masters,9.1,3.52,0,1,50.2,0.0,Mobile,instagram,scholarship,4.0,FALSE,,duplicate?  check,0.0,0
L-01507,2026-06-08,21.0,2,High School,1.9,1.0,1,5,7.0,0.0,Mobile,ngo_outreach,scholarship,12.0,No,,duplicate?  check,0.0,1
L-01309,2026-02-06,20.0,3,Diploma,7.7,3.24,4,1,72.0,1.0,Tablet,instagram,free,15.0,1,78.4,,1.0,0
L-00907,2026-02-04,29.0,3,Bachelors,8.8,5.54,6,6,82.3,0.0,Mobile,instagram,paid,17.0,no,,,0.0,0
L-02704,2026-01-02,18.0,3,Other,2.2,5.27,7,5,58.7,1.0,Laptop,friend,free,17.0,0,,asked about certificate,0.0,0
L-00984,2026-05-08,26.0,1,Bachelors,9.9,2.43,4,4,36.2,0.0,Mobile,friend,free,12.0,0,,called on phone,0.0,1
L-01391,2026-01-18,22.0,3,Bachelors,4.0,2.11,3,0,34.2,1.0,Mobile,school_partner,free,21.0,1,74.0,,1.0,0
L-02457,2026-06-06,22.0,1,Bachelors,8.3,3.13,8,0,74.9,0.0,Laptop,instagram,free,4.0,N,,,0.0,0
L-00073,2026-03-11,23.0,1,Bachelors,3.5,2.77,4,6,66.8,1.0,Mobile,friend,paid,12.0,Yes,65.1,asked about certificate,1.0,1
L-02014,2026-04-13,24.0,3,Other,9.2,3.94,2,8,52.4,0.0,Tablet,friend,scholarship,8.0,no,,,0.0,0
L-01212,2026-04-04,19.0,1,High School,1.2,3.19,3,7,26.6,0.0,Mobile,school_partner,scholarship,12.0,0,,duplicate?  check,0.0,1
L-00477,2026-03-25,17.0,1,Masters,4.8,0.78,1,2,21.6,0.0,Laptop,instagram,free,11.0,no,36.1,,0.0,0
L-01772,2026-06-26,21.0,1,Bachelors,7.1,2.23,5,6,57.3,0.0,Tablet,school_partner,free,12.0,TRUE,83.7,,1.0,1
L-00462,2026-03-13,21.0,2,Bachelors,7.1,3.91,7,4,45.9,0.0,Mobile,youtube,free,13.0,0,,-,0.0,0
L-01098,2026-04-21,23.0,3,High School,10.6,1.01,0,2,0.0,1.0,Desktop,school_partner,scholarship,12.0,FALSE,,asked about certificate,0.0,1
L-02722,2026-02-05,19.0,2,Bachelors,16.7,1.9,4,3,62.2,1.0,Mobile,youtube,paid,20.0,no,,,0.0,0
L-00240,2026-03-26,20.0,1,Bachelors,5.0,2.3,5,5,4.2,0.0,Laptop,friend,free,12.0,no,,,0.0,1
L-00551,2026-06-11,27.0,3,Unknown,10.3,5.62,9,1,83.5,0.0,Tablet,ngo_outreach,scholarship,5.0,TRUE,77.6,,1.0,0
L-01545,2026-02-20,26.0,3,Masters,5.7,0.88,1,7,31.7,-1.0,Desktop,youtube,scholarship,12.0,0,33.6,,0.0,1
L-01724,2026-01-18,15.0,1,Diploma,5.7,2.45,1,3,0.0,0.0,Laptop,school_partner,scholarship,10.0,N,16.2,,0.0,0
L-01417,2026-04-05,26.0,2,Masters,6.4,1.92,5,2,36.7,1.0,Mobile,instagram,free,17.0,No,,,0.0,0
L-02233,2026-02-08,15.0,2,High School,6.2,4.66,4,4,73.6,0.0,Laptop,other,scholarship,6.0,TRUE,80.2,follow up next intake,1.0,0
L-01351,2026-02-22,27.0,2,High School,8.9,3.66,6,5,43.0,0.0,Mobile,instagram,scholarship,12.0,0,,,0.0,1
L-01041,2026-05-05,15.0,1,Masters,9.0,2.9,2,4,44.9,0.0,Mobile,instagram,free,19.0,0,55.3,duplicate?  check,0.0,0
L-01289,2026-02-10,24.0,2,High School,12.6,4.73,7,1,88.6,0.0,Laptop,instagram,free,7.0,no,,,0.0,0
L-00637,2026-03-16,22.0,1,Bachelors,6.8,4.91,3,1,35.1,1.0,Mobile,school_partner,scholarship,21.0,Yes,75.7,called on phone,1.0,0
L-00948,2026-06-26,21.0,2,High School,3.1,2.0,5,2,57.9,0.0,Laptop,other,scholarship,12.0,no,,asked about certificate,0.0,1
L-02690,2026-02-10,24.0,1,High School,1.0,1.97,3,3,54.7,0.0,Laptop,youtube,free,6.0,FALSE,,,0.0,0
L-00903,2026-03-02,26.0,1,Bachelors,4.0,3.86,3,2,32.3,0.0,Mobile,instagram,free,12.0,0,,duplicate?  check,0.0,1
L-01286,2026-01-14,22.0,1,High School,8.3,2.19,0,4,0.0,1.0,Mobile,school_partner,scholarship,12.0,No,,follow up next intake,0.0,1
L-01761,2026-05-23,19.0,2,Bachelors,7.1,2.08,0,2,18.3,0.0,Laptop,ngo_outreach,scholarship,12.0,0,,,0.0,1
L-01988,2026-04-05,26.0,3,Masters,1.0,1.82,4,3,55.1,0.0,Mobile,other,scholarship,21.0,No,,,0.0,0
L-02155,2026-04-21,16.0,Unknown,High School,8.5,2.7,7,2,39.0,0.0,Mobile,ngo_outreach,paid,21.0,0,32.5,duplicate?  check,0.0,0
L-00557,2026-02-18,19.0,2,Bachelors,12.2,1.93,3,1,31.6,0.0,Mobile,ngo_outreach,paid,12.0,no,,asked about certificate,0.0,1
L-01780,2026-03-24,22.0,1,Diploma,6.6,0.29,2,4,37.4,1.0,Laptop,youtube,free,12.0,FALSE,,,0.0,1
L-00405,2026-05-09,27.0,2,Diploma,3.0,3.75,4,2,0.0,1.0,Mobile,instagram,free,13.0,Y,75.1,,1.0,0
L-01293,2026-04-26,18.0,2,Bachelors,3.4,1.08,0,2,16.1,1.0,Desktop,friend,paid,12.0,0,,follow up next intake,0.0,1
L-00474,2026-02-24,17.0,3,Bachelors,5.1,4.22,5,0,55.5,0.0,Tablet,ngo_outreach,paid,1.0,Yes,64.8,,1.0,0
L-02800,2026-02-01,23.0,3,Bachelors,7.4,1.63,2,4,50.3,0.0,Mobile,instagram,paid,12.0,no,,,0.0,1
L-00657,2026-03-17,25.0,1,Bachelors,8.7,3.1,3,3,100.0,0.0,Desktop,instagram,scholarship,12.0,No,,-,0.0,0
L-01959,2026-04-20,23.0,3,High School,3.1,3.89,1,8,34.5,1.0,Mobile,youtube,scholarship,19.0,FALSE,,asked about certificate,0.0,0
L-01346,2026-05-25,21.0,1,Diploma,15.2,3.71,5,0,66.8,0.0,Mobile,youtube,free,8.0,Yes,74.3,,1.0,0
L-00841,2026-02-23,28.0,2,Bachelors,4.2,2.89,1,2,35.1,0.0,Mobile,instagram,scholarship,12.0,no,,,0.0,1
L-01067,2026-05-23,25.0,1,High School,5.9,0.94,3,4,13.4,0.0,Laptop,youtube,free,12.0,0,,,0.0,1
L-02638,2026-05-03,24.0,2,Masters,1.0,3.88,4,3,37.4,0.0,Laptop,instagram,free,8.0,N,49.5,,0.0,0
L-01581,2026-04-03,19.0,3,Diploma,8.2,4.27,0,3,43.4,0.0,Laptop,friend,scholarship,11.0,No,,follow up next intake,0.0,0
L-00055,2026-03-21,23.0,2,Diploma,11.1,4.84,4,5,53.9,1.0,Mobile,instagram,free,12.0,N,51.8,-,0.0,1
L-00696,2026-04-01,19.0,1,Bachelors,4.7,2.92,4,3,80.3,1.0,Mobile,instagram,paid,12.0,TRUE,81.6,follow up next intake,1.0,1
L-00079,2026-06-14,23.0,1,High School,10.6,3.1,4,1,45.5,0.0,Mobile,instagram,paid,12.0,N,,called on phone,0.0,1
L-01900,2026-05-08,27.0,2,High School,5.1,3.32,1,9,34.6,0.0,Mobile,school_partner,scholarship,15.0,Yes,72.5,called on phone,1.0,0
L-01785,2026-01-01,19.0,2,Bachelors,9.0,2.61,7,5,41.4,1.0,Desktop,youtube,paid,16.0,yes,85.2,follow up next intake,1.0,0
L-00893,2026-04-05,22.0,3,High School,8.6,3.3,6,3,55.8,0.0,Laptop,instagram,free,18.0,0,,,0.0,0
L-00935,2026-05-21,29.0,3,High School,8.2,3.23,2,1,36.2,0.0,Mobile,instagram,paid,12.0,N,,requested extension,0.0,1
L-00785,2026-06-02,21.0,3,Masters,9.4,2.14,0,2,45.4,0.0,Laptop,instagram,scholarship,12.0,N,,asked about certificate,0.0,1
L-02713,2026-03-13,19.0,1,High School,10.4,4.32,2,7,26.4,0.0,Mobile,instagram,scholarship,18.0,0,42.5,,0.0,0
L-02190,2026-06-24,28.0,3,Diploma,4.8,2.06,4,2,41.1,0.0,Laptop,school_partner,free,12.0,no,,,0.0,1
L-02795,2026-03-26,21.0,3,High School,3.0,2.34,1,2,14.7,1.0,Mobile,instagram,paid,8.0,No,,,0.0,0
L-02483,2026-06-18,20.0,2,Bachelors,3.2,3.73,9,0,59.1,1.0,Laptop,school_partner,free,19.0,yes,71.5,-,1.0,0
L-01204,2026-01-17,26.0,2,Unknown,7.7,2.38,7,1,38.2,1.0,Mobile,friend,scholarship,10.0,No,,duplicate?  check,0.0,0
L-01678,2026-03-20,23.0,3,High School,9.9,2.57,1,4,21.2,1.0,Desktop,instagram,paid,11.0,FALSE,,asked about certificate,0.0,0
L-01580,2026-01-17,20.0,1,Bachelors,7.1,2.6,3,5,53.6,1.0,Mobile,school_partner,free,5.0,TRUE,85.7,,1.0,0
L-02798,2026-02-28,15.0,1,High School,4.7,3.13,4,4,45.5,0.0,Mobile,youtube,scholarship,9.0,FALSE,,asked about certificate,0.0,0
L-00218,2026-02-02,17.0,2,Other,5.5,4.75,3,5,54.2,0.0,Mobile,school_partner,scholarship,12.0,N,,,0.0,1
L-01808,2026-02-09,22.0,2,Bachelors,8.2,5.57,8,6,73.5,0.0,Laptop,friend,free,6.0,1,81.4,duplicate?  check,1.0,0
L-00313,2026-06-09,19.0,1,Masters,7.7,3.45,0,1,26.7,-1.0,Laptop,school_partner,free,17.0,N,,requested extension,0.0,0
L-00040,2026-03-02,18.0,2,Bachelors,7.6,1.73,1,2,62.4,-1.0,Mobile,friend,free,12.0,no,,duplicate?  check,0.0,1
L-01856,2026-06-22,21.0,2,Bachelors,5.9,2.58,2,1,26.6,0.0,Laptop,friend,scholarship,12.0,No,,-,0.0,1
L-01408,2026-05-19,21.0,1,Diploma,5.5,3.41,4,5,26.0,1.0,Mobile,school_partner,scholarship,12.0,Yes,90.6,requested extension,1.0,1
L-00566,2026-05-13,23.0,2,Bachelors,7.7,2.54,1,0,33.6,0.0,Mobile,friend,free,2.0,No,,follow up next intake,0.0,0
L-01280,2026-01-21,21.0,2,High School,7.1,2.22,0,3,34.0,0.0,Mobile,friend,scholarship,12.0,No,,follow up next intake,0.0,1
L-00505,2026-05-15,24.0,3,Diploma,2.7,2.74,0,0,20.3,0.0,Laptop,ngo_outreach,paid,12.0,no,,called on phone,0.0,1
L-02411,2026-05-19,21.0,2,Diploma,4.8,2.14,0,1,0.0,0.0,Desktop,school_partner,paid,12.0,FALSE,46.5,asked about certificate,0.0,1
L-01877,2026-04-14,22.0,2,High School,6.3,1.63,1,2,45.5,0.0,Tablet,other,scholarship,12.0,N,,,0.0,1
L-01027,2026-03-17,21.0,2,Bachelors,7.8,4.87,3,2,54.9,0.0,Laptop,youtube,free,9.0,N,,requested extension,0.0,0
L-01506,2026-06-25,20.0,3,Diploma,1.0,3.01,4,4,17.1,0.0,Laptop,youtube,paid,12.0,1,82.0,,1.0,1
L-00051,2026-05-08,18.0,3,Unknown,7.1,3.03,4,5,44.5,0.0,Mobile,youtube,free,10.0,1,71.8,,1.0,0
L-00851,2026-01-07,25.0,2,High School,10.4,4.9,4,1,39.2,0.0,Mobile,instagram,free,21.0,FALSE,44.7,duplicate?  check,0.0,0
L-00242,2026-01-02,32.0,2,Bachelors,10.3,3.88,3,12,67.7,1.0,Mobile,instagram,free,14.0,Yes,87.5,called on phone,1.0,0
L-02071,2026-03-28,24.0,3,Diploma,5.0,2.1,4,3,43.7,0.0,Tablet,instagram,scholarship,9.0,FALSE,54.9,asked about certificate,0.0,0
L-00837,2026-05-01,23.0,2,Bachelors,4.2,1.31,2,0,35.3,0.0,Mobile,other,free,12.0,0,,,0.0,1
L-00414,2026-05-25,22.0,3,Unknown,3.0,3.51,6,6,64.4,0.0,Mobile,ngo_outreach,free,12.0,No,,-,0.0,1
L-01553,2026-06-12,18.0,2,Unknown,9.7,2.39,6,0,19.0,0.0,Desktop,youtube,paid,12.0,TRUE,87.3,-,1.0,1
L-01154,2026-04-18,22.0,2,Masters,10.2,2.77,4,1,57.9,0.0,Mobile,instagram,free,17.0,No,,,0.0,0
L-00613,2026-03-06,25.0,1,High School,3.6,2.08,2,4,24.0,1.0,Tablet,friend,free,12.0,N,,-,0.0,1
L-02661,2026-03-07,21.0,1,High School,8.8,2.6,6,1,34.6,1.0,Mobile,friend,free,12.0,N,,,0.0,1
L-02361,2026-02-16,21.0,2,Bachelors,11.6,3.34,6,2,45.5,0.0,Mobile,school_partner,free,19.0,FALSE,,,0.0,0
L-01011,2026-01-14,21.0,2,Bachelors,5.1,4.52,1,2,43.7,0.0,Laptop,school_partner,free,12.0,FALSE,49.9,,0.0,1
L-01336,2026-01-03,19.0,2,High School,6.5,3.34,0,1,42.3,1.0,Mobile,youtube,free,12.0,No,,asked about certificate,0.0,1
L-02099,2026-02-24,32.0,1,High School,13.2,2.09,0,0,24.2,0.0,Desktop,school_partner,free,13.0,no,52.9,,0.0,0
L-01084,2026-03-12,22.0,2,High School,6.9,2.07,4,1,60.2,1.0,Mobile,youtube,scholarship,12.0,N,,-,0.0,1
L-01982,2026-06-11,24.0,2,Bachelors,7.9,3.13,6,10,40.8,0.0,Laptop,instagram,free,6.0,yes,69.3,,1.0,0
L-01409,2026-06-01,22.0,1,Bachelors,15.0,4.22,5,1,39.4,0.0,Desktop,school_partner,scholarship,4.0,Y,61.4,follow up next intake,1.0,0
L-00153,2026-03-13,22.0,2,Bachelors,10.7,2.82,4,6,40.3,0.0,Mobile,other,paid,11.0,yes,71.7,,1.0,0
L-01948,2026-03-28,25.0,1,High School,10.1,4.84,4,0,70.0,1.0,Laptop,ngo_outreach,paid,4.0,Y,75.3,,1.0,0
L-00669,2026-01-01,18.0,2,High School,7.5,2.52,2,2,60.3,0.0,Mobile,instagram,free,15.0,No,,,0.0,0
L-00220,2026-05-11,25.0,2,High School,15.2,7.0,10,6,72.0,0.0,Laptop,youtube,paid,2.0,0,75.6,,1.0,0
L-00180,2026-06-18,20.0,2,Bachelors,6.1,1.5,2,4,45.6,1.0,Laptop,instagram,paid,12.0,yes,94.6,,1.0,0
L-02501,2026-06-16,21.0,3,High School,7.1,5.22,1,1,6.2,0.0,Mobile,friend,free,11.0,N,,,0.0,0
L-01870,2026-06-17,23.0,2,Bachelors,4.3,3.12,9,0,0.0,0.0,Laptop,friend,free,16.0,Yes,79.3,requested extension,1.0,0
L-00167,2026-01-02,20.0,1,Bachelors,5.2,1.44,5,3,51.0,0.0,Laptop,friend,paid,4.0,1,65.2,follow up next intake,1.0,0
L-00391,2026-04-19,20.0,3,Bachelors,6.9,2.42,1,4,39.5,-1.0,Mobile,ngo_outreach,free,8.0,0,,duplicate?  check,0.0,0
L-02425,2026-05-26,25.0,1,High School,5.7,6.57,8,5,93.3,1.0,Mobile,youtube,free,18.0,yes,78.0,-,1.0,0
L-01880,2026-03-16,24.0,2,Diploma,12.5,6.84,9,4,100.0,1.0,Laptop,other,free,5.0,Yes,71.3,,1.0,0
L-02508,2026-03-09,25.0,1,High School,8.1,2.66,1,1,16.3,0.0,Tablet,school_partner,scholarship,12.0,No,,,0.0,1
L-01247,2026-01-02,17.0,1,High School,7.1,7.0,1,0,52.5,0.0,Mobile,school_partner,free,3.0,TRUE,87.0,,1.0,0
L-01944,2026-03-21,22.0,2,High School,8.1,1.63,4,1,45.5,-1.0,Laptop,instagram,scholarship,12.0,0,,requested extension,0.0,1
L-00316,2026-02-08,22.0,1,Bachelors,5.8,0.99,2,6,49.6,0.0,Mobile,instagram,free,19.0,0,,called on phone,0.0,0
L-00351,2026-04-18,15.0,2,Masters,8.3,3.59,2,0,68.2,1.0,Mobile,ngo_outreach,free,2.0,Y,74.8,,1.0,0
L-00013,2026-04-17,21.0,3,Masters,2.3,0.97,0,2,32.7,0.0,Desktop,youtube,scholarship,12.0,0,,,0.0,1
L-01675,2026-03-15,27.0,2,High School,8.4,2.49,4,1,58.9,-1.0,Laptop,school_partner,free,12.0,Yes,99.6,,1.0,1
L-01575,2026-01-28,27.0,2,High School,18.5,1.07,0,2,19.1,-1.0,Laptop,other,free,11.0,no,46.9,,0.0,0
L-00802,2026-04-06,19.0,1,Bachelors,5.2,1.31,2,1,45.5,1.0,Mobile,ngo_outreach,paid,12.0,yes,65.6,,1.0,1
L-01916,2026-03-06,23.0,1,Bachelors,9.2,5.1,7,2,60.7,0.0,Mobile,school_partner,scholarship,19.0,TRUE,85.5,,1.0,0
L-02602,2026-04-18,24.0,Unknown,High School,5.5,3.72,3,1,52.7,1.0,Tablet,instagram,scholarship,17.0,FALSE,,requested extension,0.0,0
L-02108,2026-02-08,31.0,1,Unknown,7.1,3.05,0,2,35.8,0.0,Mobile,instagram,paid,20.0,FALSE,43.2,asked about certificate,0.0,0
L-01021,2026-01-10,21.0,1,Bachelors,6.0,4.09,3,1,54.8,0.0,Mobile,ngo_outreach,scholarship,6.0,Y,72.7,duplicate?  check,1.0,0
L-00110,2026-05-05,22.0,1,Diploma,3.2,4.82,4,10,47.4,-1.0,Laptop,school_partner,paid,14.0,Y,71.0,follow up next intake,1.0,0
L-01261,2026-03-25,15.0,2,High School,7.1,3.77,3,4,68.6,0.0,Laptop,school_partner,paid,18.0,yes,81.7,called on phone,1.0,0
L-00439,2026-02-13,17.0,1,Bachelors,6.7,3.57,2,4,52.2,1.0,Mobile,school_partner,scholarship,12.0,0,,,0.0,1
L-00084,2026-03-16,24.0,2,Masters,2.9,5.41,5,0,42.7,1.0,Laptop,friend,scholarship,12.0,yes,84.5,asked about certificate,1.0,1
L-02709,2026-06-18,16.0,1,Bachelors,2.3,2.11,4,2,36.6,0.0,Tablet,instagram,free,18.0,0,,,0.0,0
L-00080,2026-01-05,24.0,3,Diploma,2.3,4.72,0,4,52.9,0.0,Mobile,instagram,free,12.0,0,,,0.0,1
L-02344,2026-05-13,29.0,1,Bachelors,6.5,1.33,0,0,19.5,1.0,Desktop,instagram,paid,12.0,N,,called on phone,0.0,1
L-01087,2026-02-16,22.0,1,Diploma,1.4,0.0,0,0,5.8,0.0,Mobile,school_partner,free,12.0,no,50.6,duplicate?  check,0.0,1
L-00520,2026-02-19,27.0,2,Diploma,3.6,2.49,0,8,17.6,1.0,Desktop,ngo_outreach,free,12.0,no,,-,0.0,1
L-00969,2026-02-11,25.0,3,Bachelors,6.4,1.47,0,1,52.9,0.0,Mobile,school_partner,free,7.0,FALSE,,asked about certificate,0.0,0
L-01059,2026-04-03,23.0,1,Bachelors,7.7,3.0,2,1,33.6,1.0,Tablet,instagram,free,12.0,FALSE,,called on phone,0.0,0
L-01576,2026-03-03,22.0,2,High School,2.2,4.09,2,3,19.6,0.0,Mobile,youtube,scholarship,12.0,no,,,0.0,1
L-02790,2026-03-22,24.0,2,Other,3.8,2.4,3,2,26.2,1.0,Mobile,school_partner,free,12.0,no,,,0.0,1
L-01757,2026-05-07,19.0,2,Bachelors,5.1,5.03,3,0,55.0,0.0,Laptop,youtube,free,12.0,yes,72.6,requested extension,1.0,1
L-00085,2026-06-18,15.0,2,High School,1.7,1.84,0,1,26.7,0.0,Mobile,friend,scholarship,17.0,Yes,,,0.0,0
L-02714,2026-04-13,24.0,1,High School,10.5,3.65,4,8,14.8,0.0,Laptop,friend,paid,10.0,No,,duplicate?  check,0.0,0
L-00979,2026-04-23,28.0,1,Masters,4.7,0.13,2,2,31.1,0.0,Tablet,instagram,scholarship,21.0,0,,-,0.0,0
L-01322,2026-06-08,20.0,2,Bachelors,6.4,3.1,1,3,46.2,0.0,Desktop,school_partner,free,16.0,0,,called on phone,0.0,0
L-00933,2026-06-05,21.0,2,Bachelors,6.6,2.23,4,1,0.0,0.0,Laptop,ngo_outreach,free,2.0,No,36.1,duplicate?  check,0.0,0
L-00649,2026-05-19,22.0,1,High School,8.7,3.43,3,0,83.1,1.0,Laptop,other,scholarship,2.0,Y,84.5,-,1.0,0
L-00661,2026-03-08,19.0,1,High School,2.1,4.77,0,2,19.9,1.0,Mobile,instagram,paid,12.0,no,,,0.0,1
L-01070,2026-01-09,23.0,2,Masters,14.7,3.13,6,4,85.1,0.0,Laptop,school_partner,scholarship,14.0,no,51.8,follow up next intake,0.0,0
L-02201,2026-04-04,26.0,2,Masters,10.3,6.36,9,0,94.8,0.0,Laptop,youtube,free,1.0,1,94.3,-,1.0,0
L-02026,2026-03-16,25.0,3,Bachelors,9.5,5.04,5,6,83.1,0.0,Laptop,school_partner,scholarship,4.0,TRUE,72.2,asked about certificate,1.0,0
L-00415,2026-01-03,19.0,3,Masters,6.2,4.88,5,0,45.5,0.0,Laptop,ngo_outreach,scholarship,12.0,no,,duplicate?  check,0.0,1
L-01740,2026-06-20,15.0,3,Bachelors,3.5,5.16,5,2,79.2,1.0,Laptop,school_partner,scholarship,19.0,TRUE,92.5,requested extension,1.0,0
L-02044,2026-01-03,26.0,2,High School,6.7,1.2,2,3,100.0,0.0,Laptop,youtube,free,12.0,0,,follow up next intake,0.0,1
L-02756,2026-06-17,18.0,1,High School,6.1,2.59,3,6,74.7,0.0,Mobile,friend,scholarship,3.0,Y,83.5,,1.0,0
L-00378,2026-01-04,18.0,2,Diploma,9.5,1.04,4,0,53.6,0.0,Mobile,school_partner,paid,12.0,Yes,84.9,,1.0,1
L-01878,2026-06-05,15.0,2,Diploma,8.5,2.42,2,1,56.2,-1.0,Mobile,youtube,free,14.0,No,,,0.0,0
L-00421,2026-01-05,24.0,2,Bachelors,6.2,3.19,5,3,0.0,1.0,Mobile,school_partner,free,11.0,yes,75.4,,1.0,0
L-00604,2026-06-26,20.0,3,Bachelors,11.7,3.09,1,5,56.9,0.0,Mobile,school_partner,free,7.0,no,55.3,,0.0,0
L-00577,2026-02-02,15.0,1,Diploma,5.5,4.68,6,6,76.3,-1.0,Mobile,friend,free,4.0,0,,,0.0,0
L-01371,2026-03-07,20.0,1,High School,6.5,6.83,4,2,45.5,1.0,Mobile,ngo_outreach,scholarship,15.0,No,57.0,asked about certificate,0.0,0
L-01242,2026-05-20,18.0,3,Bachelors,5.2,2.13,3,2,100.0,0.0,Laptop,youtube,scholarship,2.0,yes,65.0,,1.0,0
L-01929,2026-04-11,24.0,1,High School,7.8,6.91,8,1,74.2,1.0,Tablet,youtube,scholarship,4.0,Yes,94.9,duplicate?  check,1.0,0
L-00287,2026-01-10,16.0,2,Bachelors,1.0,2.86,6,4,55.2,1.0,Mobile,instagram,free,4.0,No,50.6,,0.0,0
L-00120,2026-05-05,22.0,2,Bachelors,9.0,3.67,5,1,56.0,0.0,Desktop,instagram,free,1.0,yes,100.0,,1.0,0
L-02246,2026-06-28,16.0,Unknown,Bachelors,10.4,3.94,0,0,47.8,0.0,Laptop,instagram,scholarship,12.0,FALSE,46.2,,0.0,1
L-02468,2026-04-07,22.0,2,Diploma,9.6,5.92,4,4,69.7,0.0,Laptop,ngo_outreach,scholarship,15.0,Yes,85.6,,1.0,0
L-01390,2026-05-16,25.0,1,High School,9.5,2.33,1,2,25.5,1.0,Mobile,friend,free,12.0,Y,77.4,,1.0,1
L-00966,2026-03-03,21.0,1,Unknown,1.0,0.85,3,3,0.0,0.0,Desktop,school_partner,free,21.0,0,,duplicate?  check,0.0,0
L-01804,2026-03-19,21.0,1,Diploma,6.7,5.44,3,0,49.3,0.0,Mobile,friend,paid,12.0,Y,66.5,,1.0,1
L-00169,2026-03-11,26.0,2,Other,4.4,0.6,0,5,5.8,0.0,Mobile,school_partner,free,17.0,N,,,0.0,0
L-02621,2026-02-06,19.0,Unknown,Masters,12.9,0.88,1,4,29.9,0.0,Mobile,instagram,scholarship,19.0,no,,duplicate?  check,0.0,0
L-02012,2026-02-12,15.0,3,Diploma,5.6,3.09,3,4,35.7,1.0,Mobile,youtube,paid,10.0,yes,91.3,asked about certificate,1.0,0
L-01318,2026-01-28,22.0,2,Other,7.8,1.72,1,3,45.5,-1.0,Laptop,instagram,free,12.0,N,,requested extension,0.0,1
L-01763,2026-06-19,21.0,2,Diploma,2.6,5.02,5,7,70.6,1.0,Tablet,instagram,paid,15.0,Y,87.5,,1.0,0
L-00200,2026-02-24,22.0,2,Bachelors,5.1,2.57,3,5,54.9,0.0,Mobile,youtube,free,13.0,0,,requested extension,0.0,0
L-02140,2026-02-21,23.0,2,Diploma,2.3,2.22,5,6,60.6,0.0,Mobile,friend,free,1.0,No,,called on phone,0.0,0
L-02707,2026-04-03,20.0,1,Other,1.7,0.86,0,6,1.0,0.0,Laptop,youtube,paid,12.0,no,,asked about certificate,0.0,1
L-02462,2026-06-14,21.0,2,Unknown,10.2,2.38,4,1,20.9,0.0,Mobile,youtube,paid,21.0,N,,,0.0,0
L-00822,2026-06-08,26.0,2,Masters,7.6,2.94,1,1,66.6,0.0,Mobile,instagram,free,6.0,yes,80.1,-,1.0,0
L-00930,2026-01-04,23.0,3,High School,1.0,0.0,0,1,8.3,1.0,Mobile,ngo_outreach,paid,12.0,0,,,0.0,1
L-02040,2026-05-12,22.0,2,Bachelors,6.5,2.49,3,1,15.9,0.0,Mobile,ngo_outreach,free,9.0,N,,,0.0,0
L-00791,2026-04-20,20.0,2,Bachelors,4.3,2.97,2,0,0.0,1.0,Mobile,ngo_outreach,scholarship,12.0,N,,requested extension,0.0,1
L-01182,2026-05-27,30.0,1,High School,2.1,3.42,0,1,4.3,0.0,Mobile,instagram,scholarship,12.0,0,,,0.0,1
L-01083,2026-03-14,27.0,2,High School,7.8,3.62,2,6,49.0,1.0,Mobile,school_partner,paid,12.0,no,,,0.0,1
L-00206,2026-02-01,20.0,2,Bachelors,11.8,5.14,6,2,54.6,1.0,Desktop,friend,scholarship,14.0,TRUE,66.4,,1.0,0
L-01665,2026-01-04,26.0,1,Masters,5.6,3.93,7,4,48.3,1.0,Tablet,youtube,free,15.0,FALSE,,,0.0,0
L-01927,2026-06-10,23.0,1,Masters,9.0,2.21,4,3,64.8,1.0,Desktop,friend,free,12.0,TRUE,82.3,called on phone,1.0,1
L-02672,2026-06-24,16.0,2,Diploma,9.6,3.15,2,6,19.8,0.0,Mobile,school_partner,free,12.0,FALSE,,asked about certificate,0.0,0
L-01931,2026-03-03,19.0,1,High School,6.1,1.73,9,1,28.4,1.0,Tablet,friend,paid,21.0,1,73.8,,1.0,0
L-02554,2026-04-08,20.0,1,Bachelors,7.1,1.22,3,3,37.7,0.0,Laptop,youtube,scholarship,15.0,N,,,0.0,0
L-01699,2026-02-26,22.0,2,High School,7.1,4.19,7,9,96.2,0.0,Desktop,youtube,free,9.0,yes,91.0,,1.0,0
L-01771,2026-05-08,24.0,3,Bachelors,16.9,3.1,5,2,56.1,0.0,Laptop,school_partner,paid,12.0,N,38.5,,0.0,1
L-02122,2026-02-19,29.0,1,Bachelors,1.0,1.9,3,1,47.0,0.0,Laptop,instagram,free,12.0,no,,requested extension,0.0,1
L-00267,2026-03-23,19.0,3,High School,8.2,3.73,4,2,41.1,0.0,Laptop,school_partner,paid,12.0,Y,82.4,,1.0,1
L-01941,2026-02-04,19.0,1,High School,5.4,2.0,3,5,37.4,1.0,Laptop,school_partner,paid,12.0,No,,requested extension,0.0,1
L-02721,2026-06-18,15.0,1,Diploma,6.8,2.55,5,3,40.3,0.0,Desktop,instagram,free,6.0,yes,68.2,follow up next intake,1.0,0
L-02256,2026-06-14,20.0,3,Masters,5.5,4.0,5,2,33.5,0.0,Desktop,instagram,free,10.0,N,,duplicate?  check,0.0,0
L-01803,2026-02-25,23.0,1,High School,6.1,5.2,3,4,16.6,1.0,Laptop,instagram,scholarship,12.0,Y,78.5,,1.0,1
L-02068,2026-06-10,16.0,2,High School,9.6,5.31,6,9,68.6,0.0,Laptop,instagram,scholarship,12.0,1,74.4,,1.0,0
L-02441,2026-02-23,19.0,3,Unknown,4.7,3.8,2,3,0.0,0.0,Mobile,instagram,scholarship,12.0,Y,71.8,-,1.0,1
L-01687,2026-03-15,16.0,3,Diploma,2.9,1.53,2,10,24.4,0.0,Desktop,school_partner,paid,12.0,No,,follow up next intake,0.0,1
L-02652,2026-06-04,27.0,3,Masters,7.1,1.18,0,2,55.9,1.0,Mobile,friend,free,12.0,FALSE,,-,0.0,1
L-01528,2026-03-05,23.0,3,High School,3.4,3.72,4,3,22.3,0.0,Laptop,ngo_outreach,free,12.0,no,,,0.0,1
L-02598,2026-03-14,25.0,2,Bachelors,8.5,3.07,3,1,34.8,1.0,Mobile,school_partner,free,12.0,Y,88.7,,1.0,1
L-01806,2026-01-12,15.0,2,High School,1.4,4.2,2,1,35.8,1.0,Laptop,youtube,scholarship,2.0,Yes,,,0.0,0
L-00324,2026-04-16,29.0,2,Diploma,9.9,4.85,3,0,74.5,1.0,Laptop,school_partner,free,12.0,1,86.2,,1.0,1
L-00175,2026-01-11,23.0,3,Masters,8.1,5.23,5,6,63.9,1.0,Desktop,ngo_outreach,scholarship,5.0,1,74.8,,1.0,0
L-00233,2026-06-02,21.0,2,Unknown,7.8,5.27,2,1,100.0,1.0,Mobile,youtube,scholarship,10.0,FALSE,,duplicate?  check,0.0,0
L-00115,2026-05-15,19.0,2,Bachelors,5.8,2.16,4,2,47.9,0.0,Mobile,friend,scholarship,11.0,0,,-,0.0,0
L-01153,2026-01-05,24.0,1,Diploma,1.3,2.3,5,2,44.0,1.0,Laptop,other,free,1.0,yes,89.2,follow up next intake,1.0,0
L-01354,2026-05-12,17.0,1,Bachelors,9.3,2.82,4,3,100.0,0.0,Tablet,instagram,free,15.0,No,54.2,,0.0,0
L-02568,2026-05-15,16.0,2,High School,10.8,2.9,2,2,17.5,1.0,Mobile,instagram,free,12.0,yes,65.7,,1.0,1
L-01627,2026-03-11,16.0,3,Unknown,1.7,3.31,2,5,72.3,1.0,Mobile,friend,free,13.0,No,,,0.0,0
L-02150,2026-01-16,22.0,2,Diploma,6.8,2.55,1,2,53.3,1.0,Mobile,ngo_outreach,paid,19.0,FALSE,,called on phone,0.0,0
L-01016,2026-03-16,28.0,3,Unknown,1.3,3.14,5,2,42.0,1.0,Mobile,friend,scholarship,12.0,no,,,0.0,1
L-00409,2026-02-13,21.0,3,Bachelors,7.1,3.13,2,1,44.7,0.0,Mobile,friend,free,12.0,FALSE,,follow up next intake,0.0,1
L-02719,2026-02-16,20.0,2,High School,4.4,2.5,5,3,56.7,0.0,Mobile,friend,free,19.0,1,85.0,follow up next intake,1.0,0
L-01968,2026-02-09,30.0,3,Other,7.0,4.85,5,1,72.9,0.0,Mobile,ngo_outreach,free,12.0,0,44.3,,0.0,1
L-01245,2026-02-16,25.0,3,High School,7.1,3.82,4,3,87.7,0.0,Mobile,school_partner,paid,3.0,Y,71.2,follow up next intake,1.0,0
L-01024,2026-06-12,21.0,1,Diploma,7.1,4.18,3,0,34.2,0.0,Desktop,other,free,12.0,FALSE,,requested extension,0.0,1
L-00493,2026-03-06,23.0,2,Bachelors,1.0,3.77,2,1,22.7,1.0,Mobile,youtube,scholarship,10.0,0,96.8,,1.0,0
L-01718,2026-06-14,19.0,1,Bachelors,6.2,3.18,4,2,50.1,0.0,Laptop,friend,paid,12.0,N,,,0.0,1
L-02653,2026-04-02,15.0,3,High School,6.5,4.91,9,4,77.5,0.0,Laptop,youtube,free,3.0,yes,87.7,,1.0,0
L-02149,2026-02-14,24.0,2,Masters,5.3,3.9,3,5,67.3,1.0,Mobile,friend,scholarship,2.0,yes,81.9,,1.0,0
L-00896,2026-04-21,20.0,1,High School,2.8,2.77,0,2,67.8,1.0,Mobile,friend,free,12.0,no,,,0.0,1
L-01259,2026-02-04,20.0,1,Bachelors,6.0,2.85,3,1,100.0,1.0,Mobile,friend,free,12.0,TRUE,73.5,,1.0,1
L-00898,2026-03-24,18.0,1,High School,5.9,3.66,1,2,22.3,0.0,Mobile,ngo_outreach,scholarship,10.0,N,,,0.0,0
L-01584,2026-02-05,20.0,1,Other,3.5,2.69,5,5,29.1,1.0,Desktop,school_partner,free,12.0,1,81.9,,1.0,1
L-02362,2026-03-18,21.0,2,Bachelors,4.9,0.07,0,2,30.0,1.0,Mobile,youtube,paid,12.0,0,,,0.0,1
L-00894,2026-06-18,30.0,1,Diploma,7.5,3.96,4,4,50.8,0.0,Tablet,instagram,scholarship,12.0,No,,follow up next intake,0.0,1
L-02537,2026-05-20,21.0,1,High School,5.5,4.04,4,6,18.7,0.0,Mobile,instagram,free,14.0,yes,99.4,-,1.0,0
L-02113,2026-05-09,17.0,3,High School,9.8,2.67,3,2,0.0,0.0,Mobile,school_partner,scholarship,19.0,0,,,0.0,0
L-02466,2026-06-19,15.0,2,High School,10.1,1.78,2,2,60.9,0.0,Desktop,youtube,free,9.0,FALSE,,,0.0,0
L-00829,2026-04-18,24.0,1,Masters,1.6,1.56,0,1,47.3,1.0,Desktop,instagram,scholarship,15.0,No,,,0.0,0
L-02173,2026-04-05,19.0,2,High School,2.6,3.67,2,7,72.8,0.0,Mobile,instagram,free,10.0,N,,asked about certificate,0.0,0
L-00918,2026-03-02,15.0,1,Bachelors,7.7,4.14,0,3,24.7,0.0,Laptop,school_partner,paid,12.0,N,,,0.0,1
L-01042,2026-02-23,23.0,3,Bachelors,2.7,0.2,0,0,30.8,0.0,Mobile,friend,free,12.0,FALSE,,,0.0,1
L-01380,2026-04-10,27.0,3,Bachelors,9.6,2.24,0,4,29.5,0.0,Tablet,other,free,11.0,No,,requested extension,0.0,0
L-00098,2026-04-13,16.0,2,Bachelors,5.3,4.18,5,2,70.1,0.0,Mobile,youtube,free,15.0,FALSE,,asked about certificate,0.0,0
L-02381,2026-02-07,23.0,3,Bachelors,3.6,1.06,3,0,53.8,1.0,Laptop,friend,free,11.0,0,,,0.0,0
L-00050,2026-01-16,26.0,1,Bachelors,4.9,3.1,6,1,75.4,0.0,Tablet,instagram,free,3.0,Yes,61.3,,1.0,0
L-00775,2026-03-03,15.0,1,Bachelors,3.1,3.13,5,3,27.5,0.0,Mobile,youtube,scholarship,7.0,TRUE,80.2,called on phone,1.0,0
L-02486,2026-05-26,21.0,2,Bachelors,14.0,4.01,1,3,23.9,0.0,Laptop,instagram,scholarship,12.0,Yes,89.5,asked about certificate,1.0,1
L-02370,2026-02-22,20.0,3,High School,8.6,3.16,6,8,57.3,0.0,Laptop,school_partner,free,2.0,N,,,0.0,0
L-02686,2026-03-27,22.0,2,Diploma,2.6,5.63,6,1,62.0,0.0,Desktop,instagram,free,12.0,Y,71.7,,1.0,1
L-01516,2026-04-28,24.0,2,High School,10.0,4.8,8,2,92.7,0.0,Laptop,youtube,paid,18.0,Y,77.8,,1.0,0
L-02543,2026-01-18,23.0,3,Bachelors,5.2,0.81,2,1,45.5,1.0,Laptop,school_partner,scholarship,12.0,Yes,67.4,,1.0,1
L-02420,2026-03-16,24.0,1,Diploma,9.3,3.87,4,3,61.5,1.0,Mobile,other,scholarship,18.0,1,85.2,called on phone,1.0,0
L-00383,2026-04-21,22.0,2,Diploma,3.8,2.72,2,1,1.4,0.0,Desktop,instagram,free,12.0,N,39.9,,0.0,1
L-00069,2026-03-01,21.0,3,High School,7.6,1.58,4,5,60.4,1.0,Mobile,school_partner,free,12.0,0,18.6,,0.0,1
L-00345,2026-06-19,15.0,2,Diploma,7.3,1.89,0,3,0.0,-1.0,Mobile,friend,paid,21.0,0,,duplicate?  check,0.0,0
L-02063,2026-06-24,20.0,2,High School,9.2,4.54,3,1,1.2,0.0,Mobile,instagram,scholarship,12.0,no,,,0.0,1
L-01063,2026-06-20,24.0,1,High School,4.8,1.77,4,5,25.9,1.0,Laptop,ngo_outreach,paid,12.0,0,,called on phone,0.0,1
L-02654,2026-02-03,22.0,2,Diploma,8.5,6.12,9,4,81.8,1.0,Laptop,friend,scholarship,2.0,TRUE,78.7,called on phone,1.0,0
L-02771,2026-02-17,22.0,3,High School,6.7,1.24,6,2,45.5,1.0,Mobile,youtube,free,6.0,0,55.6,duplicate?  check,0.0,0
L-00322,2026-02-22,21.0,2,High School,8.9,3.13,5,6,27.7,1.0,Mobile,school_partner,scholarship,16.0,TRUE,70.1,,1.0,0
L-01839,2026-03-04,24.0,2,Masters,1.7,5.11,8,6,22.7,0.0,Laptop,instagram,free,21.0,N,,,0.0,0
L-00760,2026-05-14,15.0,1,Unknown,11.9,3.99,8,7,64.1,0.0,Mobile,instagram,free,2.0,TRUE,73.2,follow up next intake,1.0,0
L-02557,2026-03-16,23.0,2,Diploma,10.7,1.78,4,3,38.3,1.0,Mobile,youtube,free,12.0,No,,duplicate?  check,0.0,1
L-01566,2026-03-06,17.0,3,High School,7.8,0.47,0,2,45.5,0.0,Mobile,friend,free,19.0,no,,,0.0,0
L-02205,2026-04-06,24.0,2,Bachelors,2.0,3.86,3,1,45.5,0.0,Mobile,youtube,free,12.0,no,,,0.0,1
L-01229,2026-03-04,26.0,1,Diploma,14.5,0.2,0,2,19.7,1.0,Laptop,instagram,free,10.0,No,39.2,,0.0,0
L-00407,2026-02-06,20.0,1,Unknown,7.1,1.38,6,4,45.5,0.0,Laptop,school_partner,scholarship,8.0,1,67.3,-,1.0,0
L-02711,2026-03-20,20.0,2,Bachelors,12.1,2.48,4,6,76.8,1.0,Laptop,friend,paid,0.0,Y,94.1,,1.0,0
L-01518,2026-03-28,25.0,1,High School,6.6,4.64,5,10,78.0,0.0,Mobile,friend,scholarship,12.0,No,,requested extension,0.0,1
L-00452,2026-01-14,24.0,1,High School,4.2,0.83,2,3,50.6,0.0,Mobile,instagram,scholarship,11.0,N,,-,0.0,0
L-01909,2026-03-19,21.0,1,High School,3.7,2.3,6,2,48.4,0.0,Mobile,ngo_outreach,paid,12.0,N,,follow up next intake,0.0,1
L-02289,2026-05-02,26.0,2,High School,4.9,4.74,6,5,68.9,0.0,Mobile,other,paid,3.0,No,,,0.0,0
L-01235,2026-06-14,20.0,2,High School,9.9,3.08,0,1,0.0,0.0,Desktop,youtube,scholarship,12.0,N,,duplicate?  check,0.0,1
L-01601,2026-05-12,20.0,1,High School,3.7,1.22,10,5,76.0,1.0,Mobile,ngo_outreach,free,1.0,Y,79.9,,1.0,0
L-02403,2026-01-08,21.0,2,Diploma,9.6,4.3,5,7,67.1,0.0,Tablet,youtube,scholarship,5.0,Y,90.2,duplicate?  check,1.0,0
L-00152,2026-02-07,18.0,2,Unknown,11.5,2.91,6,6,20.0,0.0,Mobile,instagram,free,12.0,Yes,81.5,,1.0,0
L-00552,2026-04-17,27.0,3,Diploma,1.7,0.0,1,0,27.1,0.0,Mobile,friend,scholarship,12.0,N,,,0.0,1
L-02271,2026-06-14,23.0,3,Diploma,11.0,3.77,10,8,88.7,0.0,Laptop,friend,scholarship,4.0,1,84.0,,1.0,0
L-01532,2026-01-21,22.0,3,High School,6.9,1.58,0,5,21.9,1.0,Mobile,school_partner,free,12.0,FALSE,,,0.0,1
L-02558,2026-05-11,19.0,1,Diploma,1.6,0.24,1,2,35.9,1.0,Mobile,ngo_outreach,paid,12.0,FALSE,37.1,,0.0,1
L-01569,2026-04-21,27.0,2,High School,6.0,2.61,3,1,40.3,0.0,Desktop,instagram,paid,21.0,Y,53.6,,1.0,0
L-02034,2026-01-06,21.0,1,High School,1.0,3.55,1,0,55.1,-1.0,Mobile,instagram,paid,11.0,yes,77.7,duplicate?  check,1.0,0
L-00955,2026-05-28,23.0,1,High School,8.7,3.19,7,2,86.8,1.0,Laptop,school_partner,free,14.0,yes,84.2,,1.0,0
L-01419,2026-02-17,20.0,2,Bachelors,8.4,3.54,9,6,78.4,1.0,Mobile,youtube,paid,0.0,Yes,81.4,,1.0,0
L-02142,2026-01-22,15.0,2,High School,7.3,2.01,2,4,21.6,1.0,Laptop,ngo_outreach,scholarship,14.0,N,,,0.0,0
L-00356,2026-04-09,21.0,2,Diploma,9.5,2.65,1,2,36.0,0.0,Mobile,friend,scholarship,19.0,0,,,0.0,0
L-00074,2026-04-19,16.0,2,Bachelors,5.1,5.19,3,0,57.8,1.0,Laptop,friend,paid,18.0,Y,72.3,,1.0,0
L-02151,2026-03-05,15.0,1,Masters,6.0,1.43,5,3,42.9,1.0,Laptop,school_partner,scholarship,6.0,TRUE,84.4,follow up next intake,1.0,0
L-01719,2026-03-17,21.0,2,Diploma,1.0,0.0,0,1,0.0,0.0,Laptop,youtube,free,12.0,No,,,0.0,1
L-01136,2026-04-04,18.0,3,Bachelors,9.1,0.2,2,3,33.5,1.0,Mobile,instagram,scholarship,12.0,No,,,0.0,1
L-01531,2026-04-12,18.0,3,High School,5.1,1.56,6,0,55.8,0.0,Mobile,instagram,scholarship,4.0,N,,,0.0,0
L-00646,2026-05-19,17.0,1,High School,12.0,3.25,5,12,67.3,1.0,Mobile,ngo_outreach,free,12.0,Y,73.5,requested extension,1.0,1
L-02082,2026-04-23,17.0,2,High School,6.5,4.57,7,5,67.7,1.0,Mobile,friend,free,7.0,Yes,84.9,,1.0,0
L-02065,2026-03-08,19.0,2,Bachelors,8.2,4.15,5,1,73.7,0.0,Tablet,instagram,scholarship,15.0,FALSE,,-,0.0,0
L-00603,2026-01-13,23.0,1,Diploma,3.6,4.06,5,0,40.6,0.0,Desktop,instagram,free,20.0,0,,,0.0,0
L-02507,2026-03-26,24.0,2,Bachelors,6.0,3.56,7,0,35.8,0.0,Mobile,friend,free,18.0,1,72.6,follow up next intake,1.0,0
L-01138,2026-02-17,22.0,2,High School,12.0,1.16,6,0,80.5,0.0,Mobile,ngo_outreach,free,19.0,N,,-,0.0,0
L-00911,2026-02-13,21.0,2,High School,7.1,2.64,0,5,27.9,0.0,Laptop,school_partner,paid,10.0,0,,duplicate?  check,0.0,0
L-00030,2026-06-07,21.0,2,High School,7.1,3.32,4,6,36.2,0.0,Desktop,school_partner,paid,13.0,Yes,89.3,,1.0,0
L-01018,2026-02-19,23.0,3,Bachelors,4.0,0.05,0,4,40.3,0.0,Mobile,friend,free,12.0,0,,,0.0,1
L-02698,2026-06-23,24.0,2,Bachelors,7.7,4.25,7,4,63.1,0.0,Mobile,instagram,scholarship,13.0,no,,,0.0,0
L-00476,2026-02-14,21.0,1,Bachelors,11.8,3.73,6,0,92.9,0.0,Mobile,friend,scholarship,14.0,no,,,0.0,0
L-00570,2026-03-11,20.0,3,Bachelors,2.7,0.57,0,2,51.2,1.0,Laptop,school_partner,scholarship,14.0,No,,,0.0,0
L-01186,2026-05-10,18.0,2,Bachelors,6.7,3.94,3,5,35.9,0.0,Mobile,friend,free,8.0,No,,,0.0,0
L-02181,2026-03-24,15.0,1,Diploma,8.6,3.12,1,3,45.0,0.0,Laptop,instagram,free,17.0,0,,,0.0,0
L-00746,2026-06-07,26.0,3,Diploma,5.4,2.58,2,1,13.6,0.0,Mobile,friend,paid,17.0,0,45.8,requested extension,0.0,0
L-00787,2026-06-06,16.0,2,Masters,7.3,5.34,0,8,61.4,0.0,Mobile,friend,scholarship,11.0,FALSE,,,0.0,0
L-00631,2026-03-17,20.0,3,High School,7.4,2.79,1,9,65.6,0.0,Mobile,school_partner,scholarship,11.0,0,,-,0.0,0
L-01209,2026-05-06,18.0,2,Other,11.0,3.33,0,4,47.3,0.0,Desktop,school_partner,scholarship,12.0,0,35.6,-,0.0,1
L-00638,2026-05-13,22.0,2,High School,7.1,2.0,4,3,31.1,0.0,Laptop,instagram,free,12.0,FALSE,,requested extension,0.0,1
L-02323,2026-06-25,29.0,3,Diploma,2.8,3.77,2,5,63.4,1.0,Mobile,friend,paid,12.0,N,38.2,,0.0,1
L-00276,2026-06-05,21.0,3,Masters,8.7,1.67,1,3,19.4,0.0,Mobile,instagram,paid,12.0,0,,,0.0,1
L-00928,2026-01-21,20.0,3,Masters,10.5,2.79,5,4,48.7,1.0,Laptop,ngo_outreach,scholarship,1.0,Y,82.2,,1.0,0
L-02288,2026-02-05,16.0,1,High School,1.5,3.85,2,3,18.0,0.0,Laptop,friend,scholarship,9.0,No,,,0.0,0
L-02407,2026-01-22,23.0,1,High School,5.3,3.31,3,1,63.0,0.0,Laptop,youtube,free,12.0,no,,asked about certificate,0.0,1
L-00472,2026-01-18,21.0,3,Bachelors,7.1,4.43,5,8,72.3,0.0,Laptop,youtube,free,13.0,Yes,77.0,duplicate?  check,1.0,0
L-01222,2026-04-24,32.0,1,Bachelors,7.1,3.27,4,1,100.0,1.0,Mobile,school_partner,free,14.0,1,81.3,,1.0,0
L-02225,2026-02-02,21.0,1,Bachelors,7.3,4.22,10,12,57.9,0.0,Laptop,youtube,paid,14.0,1,72.1,follow up next intake,1.0,0
L-02297,2026-02-05,19.0,2,Diploma,2.9,4.71,3,1,45.5,1.0,Laptop,school_partner,paid,11.0,Y,65.4,,1.0,0
L-02276,2026-01-20,20.0,2,High School,1.8,4.1,0,2,50.3,0.0,Mobile,instagram,paid,16.0,TRUE,50.4,,0.0,0
L-01008,2026-04-16,20.0,2,Diploma,7.8,3.72,4,7,45.5,1.0,Desktop,friend,scholarship,12.0,Yes,79.8,called on phone,1.0,1
L-02349,2026-01-14,15.0,3,Bachelors,1.0,0.0,0,4,0.0,0.0,Mobile,friend,paid,12.0,N,,called on phone,0.0,1
L-00596,2026-04-05,21.0,1,Diploma,8.4,2.84,1,7,46.6,0.0,Laptop,ngo_outreach,scholarship,3.0,0,,,0.0,0
L-02788,2026-03-02,16.0,1,Diploma,7.6,0.57,2,0,59.0,1.0,Mobile,instagram,paid,12.0,no,,,0.0,1
L-01461,2026-04-04,24.0,2,Other,6.1,4.84,8,5,41.7,0.0,Tablet,youtube,scholarship,6.0,TRUE,70.4,asked about certificate,1.0,0
L-01296,2026-01-27,24.0,Unknown,Diploma,13.5,1.37,2,2,73.0,0.0,Laptop,youtube,free,20.0,0,,,0.0,0
L-00005,2026-05-01,20.0,1,High School,5.7,4.53,4,1,46.6,0.0,Laptop,school_partner,scholarship,10.0,N,,,0.0,0
L-01590,2026-04-15,16.0,2,High School,7.0,3.16,3,3,33.4,1.0,Laptop,school_partner,scholarship,12.0,no,,,0.0,1
L-00364,2026-03-06,23.0,2,Bachelors,5.9,3.68,0,1,39.6,1.0,Mobile,instagram,scholarship,9.0,No,,asked about certificate,0.0,0
L-01995,2026-03-20,27.0,3,Bachelors,9.2,1.72,1,1,30.3,0.0,Laptop,friend,scholarship,12.0,0,50.7,asked about certificate,0.0,1
L-00806,2026-02-04,21.0,1,Diploma,7.1,1.46,0,9,0.0,-1.0,Mobile,friend,free,12.0,0,,follow up next intake,0.0,1
L-00223,2026-01-15,21.0,3,High School,13.3,4.54,7,4,43.3,0.0,Laptop,friend,scholarship,20.0,no,,,0.0,0
L-00072,2026-03-26,15.0,3,Diploma,2.7,2.38,0,2,45.6,0.0,Mobile,instagram,scholarship,17.0,FALSE,,,0.0,0
L-02511,2026-05-10,24.0,1,Diploma,1.2,2.58,3,1,45.5,1.0,Tablet,youtube,paid,12.0,No,,,0.0,1
L-01540,2026-04-19,17.0,2,Bachelors,7.1,2.96,2,3,47.7,0.0,Mobile,other,paid,12.0,no,37.8,,0.0,1
L-01680,2026-02-02,21.0,1,High School,7.8,1.28,1,1,11.5,0.0,Mobile,instagram,free,12.0,0,,called on phone,0.0,1
L-01316,2026-01-21,25.0,2,High School,6.8,4.66,9,1,100.0,0.0,Laptop,instagram,scholarship,12.0,No,88.9,requested extension,1.0,1
L-02339,2026-04-27,16.0,3,Bachelors,1.7,1.97,7,1,51.8,0.0,Mobile,school_partner,scholarship,6.0,TRUE,71.3,asked about certificate,1.0,0
L-01175,2026-05-25,27.0,2,High School,5.0,3.63,9,5,45.5,0.0,Desktop,school_partner,free,15.0,TRUE,78.8,,1.0,0
L-02294,2026-01-25,23.0,3,Bachelors,5.9,3.46,4,3,31.9,0.0,Laptop,youtube,paid,9.0,yes,71.6,,1.0,0
L-01934,2026-05-26,15.0,1,High School,10.5,2.98,3,3,55.7,0.0,Mobile,instagram,scholarship,6.0,N,,requested extension,0.0,0
L-01149,2026-02-27,18.0,2,Masters,6.7,3.3,6,2,67.3,1.0,Mobile,school_partner,free,12.0,0,,,0.0,1
L-00238,2026-06-23,18.0,1,High School,7.2,2.89,9,9,38.4,1.0,Mobile,youtube,free,10.0,TRUE,67.7,called on phone,1.0,0
L-02359,2026-02-24,19.0,1,Bachelors,7.8,4.65,4,1,52.5,0.0,Laptop,school_partner,free,5.0,no,,duplicate?  check,0.0,0
L-00470,2026-06-01,15.0,1,Diploma,7.7,4.06,5,3,59.6,1.0,Mobile,school_partner,paid,14.0,Yes,74.0,,1.0,0
L-00608,2026-04-02,20.0,1,Diploma,6.8,2.98,0,1,59.7,1.0,Tablet,friend,scholarship,12.0,N,,requested extension,0.0,1
L-02633,2026-02-06,19.0,2,Masters,5.9,2.64,8,5,65.0,0.0,Laptop,school_partner,free,20.0,No,,,0.0,0
L-01367,2026-05-27,21.0,1,High School,4.2,2.0,2,2,54.8,1.0,Mobile,friend,free,12.0,no,,,0.0,1
L-00920,2026-01-01,22.0,2,Unknown,1.0,3.08,2,4,45.5,1.0,Mobile,ngo_outreach,free,13.0,N,,-,0.0,0
L-01790,2026-04-15,16.0,2,High School,5.5,3.3,1,6,45.5,0.0,Laptop,instagram,free,14.0,0,28.4,,0.0,0
L-00442,2026-04-03,22.0,3,Masters,5.2,5.57,4,6,86.9,0.0,Mobile,instagram,free,17.0,Yes,82.4,,1.0,0
L-00455,2026-02-25,20.0,3,High School,3.2,3.53,2,0,41.3,-1.0,Tablet,other,scholarship,12.0,No,,,0.0,1
L-01480,2026-03-14,21.0,3,Bachelors,7.9,3.13,4,4,62.3,1.0,Mobile,instagram,scholarship,21.0,Yes,72.2,,1.0,0
L-00185,2026-01-20,23.0,1,High School,4.2,3.95,6,0,25.5,1.0,Laptop,friend,free,1.0,no,16.1,,0.0,0
L-01914,2026-03-23,16.0,3,Bachelors,5.4,2.52,5,5,64.2,0.0,Laptop,youtube,free,8.0,Yes,83.3,duplicate?  check,1.0,0
L-02226,2026-04-11,21.0,1,Other,9.8,0.0,0,4,33.2,0.0,Mobile,friend,scholarship,12.0,No,,requested extension,0.0,1
L-00761,2026-02-19,24.0,1,Masters,1.4,6.68,8,0,49.0,0.0,Laptop,school_partner,free,15.0,Y,84.6,follow up next intake,1.0,0
L-02191,2026-05-26,22.0,1,High School,6.1,4.7,7,1,77.1,0.0,Mobile,school_partner,free,16.0,No,48.4,,0.0,0
L-01788,2026-05-14,17.0,3,High School,16.6,4.57,6,5,78.9,1.0,Mobile,instagram,free,12.0,yes,80.5,,1.0,1
L-01353,2026-06-11,24.0,2,High School,4.9,0.47,4,7,14.3,0.0,Laptop,youtube,free,12.0,0,,,0.0,1
L-02210,2026-02-05,16.0,2,High School,9.5,3.62,5,5,18.8,1.0,Desktop,instagram,scholarship,12.0,0,,,0.0,1
L-01832,2026-02-20,20.0,3,High School,7.0,1.73,6,7,56.9,0.0,Desktop,youtube,scholarship,13.0,no,,,0.0,0
L-01142,2026-04-01,25.0,3,High School,2.6,1.51,2,3,40.1,1.0,Mobile,friend,scholarship,11.0,0,,,0.0,0
L-01231,2026-01-25,25.0,3,Diploma,7.1,5.1,5,4,41.6,0.0,Tablet,instagram,free,2.0,FALSE,,asked about certificate,0.0,0
L-01471,2026-03-06,18.0,2,Unknown,1.0,0.07,5,3,45.5,0.0,Laptop,friend,paid,10.0,1,65.9,called on phone,1.0,0
L-00732,2026-06-27,22.0,Unknown,High School,7.4,4.92,5,8,56.4,0.0,Laptop,youtube,scholarship,12.0,No,,-,0.0,1
L-01127,2026-01-18,29.0,2,Unknown,7.1,3.08,5,3,100.0,1.0,Mobile,friend,scholarship,12.0,Yes,76.4,,1.0,1
L-01501,2026-05-24,17.0,1,High School,3.9,1.73,0,1,34.9,1.0,Tablet,school_partner,free,12.0,FALSE,50.1,,0.0,1
L-00423,2026-04-25,18.0,3,Diploma,3.6,3.38,7,9,48.0,-1.0,Laptop,youtube,paid,8.0,1,78.0,duplicate?  check,1.0,0
L-00058,2026-02-27,25.0,1,High School,13.0,1.49,2,1,45.5,1.0,Laptop,friend,free,12.0,N,,-,0.0,1
L-00009,2026-05-27,21.0,3,Bachelors,1.0,2.51,0,2,21.5,0.0,Laptop,ngo_outreach,paid,12.0,no,41.5,follow up next intake,0.0,1
L-01609,2026-01-10,20.0,2,High School,11.0,7.0,9,11,96.6,0.0,Laptop,instagram,free,3.0,1,74.4,,1.0,0
L-01013,2026-04-19,24.0,2,High School,5.3,1.28,0,3,34.8,1.0,Mobile,youtube,paid,12.0,N,,called on phone,0.0,1
L-00419,2026-02-05,21.0,2,Other,9.8,2.69,5,2,57.7,0.0,Laptop,friend,scholarship,10.0,no,,,0.0,0
L-01801,2026-03-09,21.0,3,High School,5.5,6.71,10,7,72.1,0.0,Mobile,school_partner,free,0.0,1,63.8,requested extension,1.0,0
L-01383,2026-01-12,28.0,1,Bachelors,7.5,0.58,5,2,49.2,0.0,Laptop,friend,scholarship,12.0,yes,75.6,follow up next intake,1.0,1
L-02347,2026-04-26,22.0,1,Bachelors,1.0,5.9,8,5,51.2,0.0,Mobile,instagram,free,2.0,Y,81.1,requested extension,1.0,0
L-01035,2026-01-06,16.0,2,Bachelors,8.7,2.68,3,1,45.5,0.0,Mobile,youtube,free,12.0,No,,follow up next intake,0.0,1
L-02308,2026-06-04,17.0,2,Diploma,4.8,2.24,5,4,58.0,0.0,Mobile,school_partner,free,12.0,FALSE,43.1,,0.0,1
L-01066,2026-04-03,18.0,1,Bachelors,9.2,2.06,6,1,45.5,1.0,Mobile,school_partner,scholarship,3.0,1,57.0,called on phone,1.0,0
L-01458,2026-02-16,24.0,2,High School,13.4,3.18,6,7,35.1,0.0,Desktop,school_partner,scholarship,12.0,Y,69.8,,1.0,0
L-00858,2026-03-20,19.0,1,Bachelors,5.0,3.13,4,1,58.9,0.0,Tablet,ngo_outreach,free,12.0,No,,requested extension,0.0,1
L-00046,2026-03-17,22.0,2,Bachelors,9.4,1.54,5,0,34.2,0.0,Mobile,instagram,free,20.0,N,,,0.0,0
L-02117,2026-03-11,27.0,2,High School,8.0,0.0,1,1,45.5,0.0,Laptop,youtube,scholarship,14.0,Y,71.9,-,1.0,0
L-01459,2026-04-17,21.0,1,High School,12.3,4.98,8,1,93.8,0.0,Mobile,ngo_outreach,free,13.0,Yes,64.7,,1.0,0
L-01552,2026-04-16,19.0,2,Bachelors,2.8,1.17,0,2,5.8,1.0,Mobile,youtube,paid,12.0,No,,,0.0,1
L-00730,2026-02-23,20.0,3,High School,2.4,5.09,4,2,65.5,1.0,Laptop,friend,free,11.0,No,,called on phone,0.0,0
L-02469,2026-01-20,25.0,3,High School,7.7,5.75,6,8,90.5,1.0,Mobile,friend,free,12.0,0,,duplicate?  check,0.0,1
L-00177,2026-04-02,27.0,1,Bachelors,5.9,4.42,0,0,56.1,0.0,Desktop,youtube,scholarship,12.0,FALSE,,,0.0,1
L-00003,2026-05-02,27.0,3,Diploma,7.1,1.78,3,2,35.1,0.0,Mobile,instagram,scholarship,17.0,No,,duplicate?  check,0.0,0
L-02163,2026-03-14,21.0,2,Diploma,8.3,2.84,1,2,66.4,1.0,Laptop,instagram,scholarship,12.0,no,,,0.0,1
L-00026,2026-03-12,19.0,1,Bachelors,4.8,3.78,5,4,23.9,0.0,Laptop,school_partner,free,12.0,FALSE,,-,0.0,1
L-01141,2026-02-05,21.0,1,Diploma,7.8,4.5,7,4,79.5,1.0,Tablet,ngo_outreach,free,13.0,1,76.0,,1.0,0
L-02662,2026-01-09,23.0,1,Diploma,9.0,3.44,5,2,50.8,0.0,Mobile,instagram,free,12.0,FALSE,,,0.0,1
L-00195,2026-02-18,18.0,1,Bachelors,4.7,1.71,0,1,50.4,0.0,Mobile,instagram,scholarship,12.0,FALSE,45.1,follow up next intake,0.0,1
L-00492,2026-03-17,20.0,1,Diploma,7.1,3.32,9,2,66.9,0.0,Mobile,ngo_outreach,free,7.0,Y,83.2,,1.0,0
L-00184,2026-01-22,26.0,2,Bachelors,8.9,2.46,3,3,42.7,1.0,Mobile,school_partner,paid,12.0,N,,called on phone,0.0,1
L-00784,2026-04-09,24.0,2,Unknown,6.7,0.0,2,7,45.5,0.0,Laptop,ngo_outreach,free,1.0,0,,duplicate?  check,0.0,0
L-00507,2026-06-10,15.0,2,High School,7.1,2.88,3,4,26.4,1.0,Laptop,friend,free,12.0,yes,86.5,requested extension,1.0,0
L-00437,2026-06-21,24.0,2,Bachelors,7.1,3.38,1,2,39.9,0.0,Mobile,instagram,free,12.0,No,50.1,,0.0,1
L-00688,2026-01-17,21.0,1,Diploma,6.5,4.67,9,4,96.1,0.0,Laptop,youtube,free,9.0,yes,88.4,,1.0,0
L-01656,2026-05-08,19.0,1,High School,7.1,2.95,2,0,56.4,1.0,Mobile,instagram,free,20.0,0,,duplicate?  check,0.0,0
L-02779,2026-02-28,21.0,3,Bachelors,3.2,1.92,1,7,45.5,0.0,Mobile,school_partner,scholarship,12.0,FALSE,,,0.0,1
L-00626,2026-06-28,15.0,2,High School,1.0,4.08,5,4,51.1,0.0,Mobile,instagram,scholarship,14.0,yes,69.8,,1.0,0
L-01608,2026-02-16,17.0,3,Diploma,5.5,1.95,2,3,48.6,0.0,Mobile,instagram,free,12.0,no,32.1,duplicate?  check,0.0,1
L-02252,2026-03-01,17.0,2,High School,11.4,3.81,7,6,63.1,0.0,Mobile,youtube,free,13.0,Y,70.0,-,1.0,0
L-01661,2026-06-26,15.0,1,Diploma,7.2,4.65,9,4,61.3,1.0,Laptop,youtube,scholarship,10.0,yes,76.8,requested extension,1.0,0
L-02229,2026-06-08,19.0,2,High School,11.5,2.98,1,0,45.5,0.0,Mobile,instagram,paid,12.0,no,,,0.0,1
L-02547,2026-03-20,20.0,1,High School,9.9,1.63,0,0,37.2,0.0,Mobile,instagram,scholarship,21.0,No,,follow up next intake,0.0,0
L-00108,2026-04-09,25.0,2,Bachelors,3.4,4.57,3,6,46.6,1.0,Tablet,friend,scholarship,13.0,1,77.6,duplicate?  check,1.0,0
L-00514,2026-02-06,27.0,3,Other,9.5,3.77,2,1,4.5,1.0,Laptop,youtube,scholarship,1.0,N,,requested extension,0.0,0
L-00337,2026-06-05,23.0,3,High School,6.4,3.83,1,1,37.7,0.0,Mobile,instagram,paid,16.0,No,,,0.0,0
L-00164,2026-04-25,19.0,2,Masters,8.8,0.79,4,3,15.5,1.0,Mobile,friend,scholarship,14.0,TRUE,86.7,duplicate?  check,1.0,0
L-02309,2026-06-23,24.0,3,Masters,9.3,4.46,1,6,39.9,0.0,Laptop,school_partner,scholarship,5.0,0,,follow up next intake,0.0,0
L-02272,2026-01-04,23.0,1,Diploma,6.5,0.65,2,0,0.0,1.0,Desktop,friend,paid,21.0,N,,,0.0,0
L-02039,2026-03-10,24.0,2,Masters,8.3,1.52,4,6,52.8,1.0,Desktop,ngo_outreach,free,13.0,N,,follow up next intake,0.0,0
L-00707,2026-01-05,15.0,3,Bachelors,3.3,3.29,4,3,65.4,1.0,Mobile,youtube,free,13.0,Y,77.9,,1.0,0
L-02204,2026-04-05,16.0,3,Bachelors,10.7,3.74,4,5,30.8,0.0,Mobile,youtube,free,19.0,0,,,0.0,0
L-01725,2026-03-09,23.0,2,High School,6.5,3.26,2,3,63.3,1.0,Mobile,instagram,free,7.0,N,,,0.0,0
L-02133,2026-01-18,26.0,1,Bachelors,8.9,5.47,1,9,53.1,1.0,Mobile,instagram,paid,1.0,0,,,0.0,0
L-00377,2026-01-20,19.0,1,Bachelors,11.6,2.86,1,2,45.5,1.0,Mobile,school_partner,scholarship,9.0,no,,asked about certificate,0.0,0
L-01064,2026-05-03,15.0,3,High School,5.7,1.29,7,2,40.8,1.0,Mobile,instagram,scholarship,14.0,1,80.0,,1.0,0
L-01729,2026-04-20,19.0,3,Masters,13.4,5.66,10,7,54.5,1.0,Mobile,school_partner,scholarship,1.0,Y,64.4,duplicate?  check,1.0,0
L-01886,2026-05-05,16.0,1,Diploma,3.8,3.27,0,3,27.2,1.0,Mobile,ngo_outreach,free,18.0,0,,requested extension,0.0,0
L-02329,2026-01-23,29.0,2,Bachelors,9.0,3.47,8,7,81.2,0.0,Laptop,school_partner,free,12.0,Yes,77.9,,1.0,1
L-00619,2026-06-16,21.0,3,Diploma,5.6,4.61,4,5,61.8,0.0,Laptop,friend,scholarship,9.0,1,75.5,asked about certificate,1.0,0
L-01748,2026-04-19,20.0,2,Bachelors,7.7,2.75,2,0,43.2,0.0,Mobile,instagram,free,16.0,N,,,0.0,0
L-00489,2026-01-15,24.0,1,Bachelors,7.1,2.52,5,0,19.0,1.0,Mobile,school_partner,scholarship,12.0,0,,,0.0,1
L-01398,2026-04-19,26.0,2,High School,5.3,2.08,3,4,31.0,1.0,Mobile,school_partner,free,12.0,no,,,0.0,1
L-01025,2026-05-03,26.0,2,Bachelors,1.0,2.35,4,1,38.9,0.0,Mobile,instagram,scholarship,12.0,N,,,0.0,1
L-01396,2026-01-17,15.0,1,High School,4.4,4.82,5,4,39.9,0.0,Laptop,youtube,free,5.0,yes,70.1,,1.0,0
L-01526,2026-01-15,25.0,3,Bachelors,1.0,1.99,1,1,15.1,0.0,Desktop,friend,scholarship,12.0,FALSE,,follow up next intake,0.0,1
L-02640,2026-05-05,30.0,3,High School,12.8,3.12,4,3,12.4,0.0,Desktop,instagram,free,12.0,FALSE,42.8,called on phone,0.0,1
L-01268,2026-05-12,21.0,1,Bachelors,11.9,3.51,5,10,45.5,1.0,Laptop,youtube,free,5.0,N,,,0.0,0
L-02482,2026-02-02,19.0,3,Diploma,11.7,4.26,9,6,90.2,0.0,Laptop,friend,free,6.0,TRUE,63.3,,1.0,0
L-00944,2026-01-25,21.0,2,Diploma,5.6,1.23,1,2,41.6,1.0,Mobile,friend,free,12.0,no,,,0.0,1
L-02564,2026-02-05,20.0,1,High School,2.8,1.78,2,2,62.0,0.0,Mobile,ngo_outreach,free,16.0,No,,follow up next intake,0.0,0
L-02144,2026-05-05,21.0,3,Bachelors,8.9,5.05,3,6,59.6,0.0,Desktop,school_partner,free,6.0,TRUE,83.7,,1.0,0
L-00368,2026-06-21,21.0,1,Masters,7.8,3.17,0,2,61.3,1.0,Mobile,friend,free,12.0,0,,requested extension,0.0,1
L-02255,2026-02-16,31.0,1,Bachelors,4.6,2.72,5,3,14.5,1.0,Desktop,youtube,scholarship,12.0,FALSE,,,0.0,1
L-02744,2026-05-16,23.0,2,High School,8.4,5.13,7,6,69.4,1.0,Tablet,school_partner,free,5.0,FALSE,,,0.0,0
L-00810,2026-04-15,18.0,1,Diploma,8.6,2.38,1,1,4.2,0.0,Mobile,friend,free,12.0,FALSE,,,0.0,1
L-00611,2026-02-17,15.0,2,Diploma,5.1,1.8,2,3,18.6,0.0,Mobile,instagram,paid,12.0,no,,called on phone,0.0,1
L-00818,2026-03-12,21.0,2,Unknown,5.0,5.63,3,9,25.2,0.0,Laptop,youtube,free,10.0,TRUE,80.2,asked about certificate,1.0,0
L-00004,2026-04-12,15.0,2,High School,5.4,5.17,10,7,100.0,1.0,Desktop,youtube,scholarship,1.0,Y,68.7,requested extension,1.0,0
L-02116,2026-04-12,24.0,3,High School,8.3,4.17,4,2,72.2,0.0,Mobile,instagram,scholarship,6.0,N,62.0,asked about certificate,0.0,0
L-00835,2026-03-09,19.0,2,Masters,1.0,5.29,7,8,35.9,0.0,Laptop,instagram,free,1.0,Yes,71.3,,1.0,0
L-02241,2026-01-02,23.0,1,Other,2.5,2.76,3,3,55.9,0.0,Laptop,friend,scholarship,12.0,No,51.0,,0.0,1
L-02620,2026-04-19,18.0,2,Diploma,3.3,4.64,0,3,53.2,0.0,Desktop,school_partner,scholarship,12.0,N,,duplicate?  check,0.0,1
L-01217,2026-05-22,23.0,3,Diploma,4.7,4.54,4,3,50.5,0.0,Laptop,school_partner,free,14.0,no,,called on phone,0.0,0
L-01395,2026-06-28,26.0,2,Bachelors,8.3,0.0,1,2,45.5,1.0,Tablet,other,free,12.0,no,,-,0.0,1
L-01542,2026-03-11,23.0,3,Unknown,2.2,4.19,0,2,60.9,1.0,Mobile,ngo_outreach,scholarship,12.0,FALSE,,duplicate?  check,0.0,1
L-00463,2026-04-09,21.0,2,Other,3.1,2.6,0,4,34.7,0.0,Laptop,friend,scholarship,12.0,No,56.4,,0.0,1
L-00416,2026-04-12,25.0,1,Diploma,1.6,2.65,6,2,45.5,0.0,Mobile,youtube,scholarship,16.0,N,,follow up next intake,0.0,0
L-02670,2026-02-27,22.0,2,Other,13.8,3.53,7,2,64.6,0.0,Laptop,friend,paid,12.0,TRUE,73.9,requested extension,1.0,1
L-02135,2026-03-26,19.0,1,Diploma,3.7,2.74,1,4,25.2,1.0,Mobile,school_partner,free,12.0,N,62.0,,0.0,1
L-01161,2026-05-06,18.0,1,Diploma,9.3,2.34,3,0,42.5,0.0,Laptop,ngo_outreach,free,6.0,no,,,0.0,0
L-02002,2026-05-21,19.0,3,High School,9.4,4.4,1,6,52.0,1.0,Mobile,friend,paid,21.0,FALSE,,asked about certificate,0.0,0
L-02247,2026-03-16,27.0,2,High School,9.2,3.86,0,2,36.4,0.0,Laptop,youtube,scholarship,12.0,no,,called on phone,0.0,1
L-02042,2026-05-26,25.0,3,High School,6.0,1.45,0,0,31.0,0.0,Mobile,friend,scholarship,12.0,No,,requested extension,0.0,1
L-00165,2026-01-15,21.0,1,High School,1.0,2.99,0,4,52.7,0.0,Desktop,friend,paid,19.0,N,,requested extension,0.0,0
L-02303,2026-02-25,21.0,3,Bachelors,17.9,3.06,5,3,39.1,1.0,Laptop,instagram,paid,1.0,Y,68.9,requested extension,1.0,0
L-01416,2026-01-25,22.0,2,High School,7.6,5.47,10,5,100.0,0.0,Mobile,school_partner,scholarship,10.0,Y,88.9,duplicate?  check,1.0,0
L-02020,2026-04-07,29.0,1,Bachelors,6.1,1.72,6,1,40.3,0.0,Mobile,youtube,free,16.0,Y,70.8,,1.0,0
L-00136,2026-01-26,19.0,3,Bachelors,5.8,3.5,10,6,100.0,1.0,Mobile,school_partner,paid,17.0,Y,90.7,follow up next intake,1.0,0
L-00035,2026-04-09,26.0,2,Diploma,9.3,3.14,4,2,52.2,1.0,Mobile,instagram,scholarship,20.0,1,40.2,,0.0,0
L-01865,2026-01-17,21.0,3,Bachelors,9.7,3.54,5,2,43.7,1.0,Tablet,instagram,free,12.0,No,,asked about certificate,0.0,1
L-01992,2026-04-19,21.0,3,High School,1.0,2.0,6,4,62.3,0.0,Desktop,instagram,scholarship,12.0,Y,75.0,,1.0,1
L-00845,2026-03-15,16.0,2,High School,5.6,4.97,4,4,71.3,0.0,Mobile,instagram,paid,12.0,1,69.0,,1.0,0
L-02120,2026-06-05,20.0,Unknown,High School,11.0,5.22,6,5,72.7,0.0,Laptop,ngo_outreach,free,12.0,1,69.6,asked about certificate,1.0,1
L-00394,2026-03-12,17.0,3,Bachelors,10.4,3.49,2,5,62.5,0.0,Laptop,instagram,scholarship,15.0,No,,called on phone,0.0,0
L-02522,2026-03-14,22.0,1,High School,8.7,5.09,10,2,82.0,0.0,Mobile,instagram,free,2.0,Y,71.0,-,1.0,0
L-00149,2026-06-27,26.0,2,High School,5.4,2.8,0,0,8.0,1.0,Mobile,school_partner,paid,19.0,FALSE,,,0.0,0
L-00144,2026-04-26,24.0,1,High School,3.7,3.05,7,7,72.3,0.0,Laptop,school_partner,scholarship,11.0,Y,75.2,follow up next intake,1.0,0
L-00224,2026-03-20,25.0,3,High School,6.1,4.02,8,1,34.2,1.0,Desktop,ngo_outreach,scholarship,15.0,TRUE,91.9,,1.0,0
L-01300,2026-05-22,19.0,2,Bachelors,7.0,4.26,1,1,44.2,0.0,Mobile,instagram,scholarship,14.0,N,,,0.0,0
L-02147,2026-04-18,17.0,1,Unknown,9.5,3.17,2,1,50.4,0.0,Mobile,school_partner,free,19.0,1,64.8,,1.0,0
L-00972,2026-02-12,23.0,3,Masters,3.1,6.32,8,8,88.2,0.0,Laptop,instagram,scholarship,6.0,Yes,84.7,follow up next intake,1.0,0
L-01437,2026-02-10,24.0,1,High School,11.3,5.96,7,8,97.8,1.0,Mobile,friend,paid,10.0,Y,65.8,,1.0,0
L-00849,2026-03-05,17.0,2,Masters,4.2,4.44,6,5,93.9,1.0,Mobile,other,scholarship,21.0,1,75.2,duplicate?  check,1.0,0
L-02028,2026-02-06,28.0,3,Diploma,4.1,1.55,4,2,37.0,0.0,Desktop,youtube,free,12.0,no,,requested extension,0.0,1
L-00424,2026-02-13,23.0,2,High School,10.6,2.67,4,3,76.3,0.0,Mobile,school_partner,free,12.0,no,,,0.0,1
L-00194,2026-02-14,22.0,1,Diploma,7.8,1.7,3,1,33.2,1.0,Laptop,school_partner,free,12.0,yes,73.1,,1.0,1
L-00965,2026-03-23,22.0,2,High School,8.1,5.03,6,0,81.1,1.0,Mobile,school_partner,free,12.0,Y,88.0,,1.0,1
L-00978,2026-03-06,18.0,3,Bachelors,1.0,3.41,1,0,37.2,0.0,Tablet,youtube,free,12.0,FALSE,,follow up next intake,0.0,1
L-00921,2026-06-28,21.0,2,Bachelors,6.8,0.56,0,9,2.5,0.0,Mobile,instagram,free,12.0,N,,asked about certificate,0.0,1
L-02326,2026-02-06,20.0,2,High School,1.0,2.77,2,0,35.1,0.0,Laptop,youtube,paid,16.0,TRUE,58.5,follow up next intake,1.0,0
L-00264,2026-05-10,20.0,2,Bachelors,3.9,4.27,0,0,16.6,1.0,Mobile,youtube,free,19.0,no,,,0.0,0
L-00494,2026-05-22,19.0,1,Diploma,3.1,0.23,3,1,61.0,1.0,Laptop,other,free,12.0,FALSE,,requested extension,0.0,1
L-01220,2026-05-03,27.0,2,Bachelors,6.2,3.46,7,6,91.4,1.0,Laptop,school_partner,free,6.0,TRUE,94.1,,1.0,0
L-01496,2026-01-10,28.0,2,Diploma,1.0,2.64,4,7,30.7,1.0,Mobile,friend,free,12.0,N,,follow up next intake,0.0,1
L-01784,2026-06-20,21.0,2,Bachelors,6.5,0.75,5,1,46.9,0.0,Mobile,youtube,free,12.0,0,,-,0.0,1
L-00879,2026-05-05,19.0,2,High School,6.2,3.49,1,7,35.0,0.0,Mobile,friend,scholarship,12.0,0,,,0.0,1
L-00081,2026-02-18,17.0,2,Diploma,4.8,3.13,7,4,91.5,0.0,Laptop,friend,paid,5.0,yes,85.2,,1.0,0
L-02505,2026-03-19,17.0,2,Bachelors,7.3,4.37,6,6,56.6,0.0,Laptop,youtube,free,4.0,yes,63.9,called on phone,1.0,0
L-01548,2026-04-17,25.0,2,Bachelors,4.9,3.12,5,0,45.5,1.0,Mobile,school_partner,free,12.0,Yes,87.8,,1.0,1
L-01824,2026-05-20,24.0,2,Bachelors,3.6,3.16,2,0,18.2,0.0,Laptop,other,scholarship,12.0,yes,77.5,called on phone,1.0,1
L-01524,2026-02-05,15.0,3,High School,4.8,1.41,0,1,28.5,1.0,Mobile,youtube,paid,12.0,N,,duplicate?  check,0.0,1
L-00634,2026-02-18,19.0,1,Other,9.2,2.66,7,5,90.0,0.0,Laptop,youtube,scholarship,12.0,TRUE,75.9,asked about certificate,1.0,1
L-01248,2026-03-01,30.0,2,High School,1.7,3.9,5,1,69.8,0.0,Mobile,school_partner,scholarship,12.0,1,94.6,,1.0,1
L-02681,2026-02-11,22.0,3,Other,1.5,1.85,2,0,58.9,0.0,Mobile,other,free,12.0,no,,duplicate?  check,0.0,1
L-02739,2026-06-25,23.0,3,Other,2.9,3.14,5,0,36.2,1.0,Mobile,school_partner,paid,11.0,yes,84.9,called on phone,1.0,0
L-01883,2026-01-20,22.0,3,Bachelors,7.2,0.32,5,4,45.5,0.0,Laptop,friend,paid,9.0,1,87.6,-,1.0,0
L-01826,2026-02-03,18.0,2,Diploma,10.9,4.47,2,2,59.6,0.0,Tablet,instagram,scholarship,2.0,FALSE,,follow up next intake,0.0,0
L-02378,2026-01-05,24.0,3,Masters,3.8,1.37,1,5,18.8,1.0,Mobile,friend,free,12.0,N,43.5,requested extension,0.0,1
L-01148,2026-04-21,17.0,2,High School,1.0,4.63,5,2,100.0,0.0,Desktop,instagram,paid,12.0,TRUE,82.7,follow up next intake,1.0,1
L-00738,2026-01-25,21.0,2,High School,18.5,4.54,7,5,61.6,0.0,Laptop,school_partner,free,10.0,Y,80.6,,1.0,0
L-00778,2026-03-09,24.0,1,Diploma,7.7,1.58,0,1,35.2,0.0,Mobile,other,scholarship,21.0,no,,,0.0,0
L-01855,2026-01-08,25.0,1,Bachelors,11.7,2.2,2,2,19.3,0.0,Mobile,school_partner,scholarship,20.0,N,,-,0.0,0
L-01980,2026-01-02,26.0,1,High School,7.1,1.53,5,7,63.9,0.0,Laptop,ngo_outreach,free,12.0,no,48.5,,0.0,1
L-02338,2026-02-16,21.0,2,Diploma,11.4,2.67,4,2,33.2,1.0,Mobile,youtube,scholarship,12.0,FALSE,,follow up next intake,0.0,0
L-00988,2026-01-08,20.0,1,Bachelors,12.6,3.47,0,1,0.0,1.0,Mobile,friend,free,9.0,1,84.4,-,1.0,0
L-02660,2026-05-11,28.0,3,Bachelors,11.6,3.19,2,1,40.7,1.0,Mobile,ngo_outreach,scholarship,12.0,no,,requested extension,0.0,1
L-00799,2026-01-07,23.0,2,High School,8.0,2.31,5,1,26.8,1.0,Tablet,ngo_outreach,scholarship,21.0,yes,64.3,-,1.0,0
L-02485,2026-03-12,24.0,2,Other,5.7,2.65,0,5,21.6,1.0,Mobile,instagram,free,12.0,No,,,0.0,0
L-02414,2026-01-25,33.0,1,Diploma,5.4,2.15,2,3,36.3,1.0,Mobile,instagram,free,12.0,No,41.7,,0.0,1
L-01829,2026-04-24,22.0,1,Bachelors,9.4,3.62,2,0,28.0,0.0,Mobile,school_partner,free,13.0,No,,,0.0,0
L-00160,2026-04-28,16.0,3,Bachelors,7.1,2.83,4,5,35.5,0.0,Desktop,instagram,free,19.0,No,,,0.0,0
L-02506,2026-03-18,30.0,2,Bachelors,9.9,2.68,3,3,26.3,0.0,Desktop,instagram,free,19.0,Y,80.8,,1.0,0
L-00550,2026-03-09,24.0,2,Diploma,5.8,4.94,4,7,56.7,0.0,Laptop,instagram,free,9.0,1,72.1,,1.0,0
L-00362,2026-06-20,20.0,1,High School,9.6,4.18,6,4,100.0,0.0,Desktop,ngo_outreach,scholarship,10.0,1,79.3,called on phone,1.0,0
L-00662,2026-04-02,27.0,2,Diploma,9.0,4.08,5,4,48.0,0.0,Mobile,instagram,scholarship,14.0,No,,requested extension,0.0,0
L-02258,2026-02-24,17.0,2,Bachelors,2.7,4.79,4,2,40.2,0.0,Laptop,ngo_outreach,paid,12.0,Yes,69.4,,1.0,1
L-01005,2026-04-20,26.0,2,Bachelors,7.9,0.0,0,5,9.9,0.0,Laptop,ngo_outreach,free,12.0,FALSE,,,0.0,1
L-01805,2026-06-23,21.0,1,Bachelors,8.7,2.98,2,1,36.4,0.0,Laptop,instagram,free,18.0,0,,,0.0,0
L-00504,2026-01-19,18.0,1,Bachelors,6.1,3.11,6,8,70.8,0.0,Mobile,school_partner,free,9.0,FALSE,,,0.0,0
L-00095,2026-06-07,27.0,1,High School,8.3,5.85,4,4,12.4,0.0,Mobile,ngo_outreach,scholarship,8.0,no,,,0.0,0
L-02119,2026-02-11,17.0,3,High School,2.7,5.29,2,1,50.0,0.0,Mobile,instagram,free,18.0,no,,,0.0,0
L-01793,2026-04-18,26.0,1,High School,9.4,1.23,6,2,50.0,1.0,Mobile,friend,paid,10.0,Y,70.0,,1.0,0
L-00685,2026-04-04,15.0,2,Bachelors,12.0,5.34,7,0,55.1,0.0,Tablet,other,free,15.0,0,55.7,-,0.0,0
L-01441,2026-06-15,17.0,1,High School,5.2,3.26,1,4,39.1,1.0,Tablet,instagram,scholarship,12.0,FALSE,,,0.0,1
L-00902,2026-04-18,15.0,3,High School,9.0,1.86,5,0,67.6,0.0,Mobile,friend,paid,2.0,no,,follow up next intake,0.0,0
L-00627,2026-05-10,21.0,2,Unknown,6.2,3.13,3,1,39.9,1.0,Mobile,friend,free,15.0,N,,requested extension,0.0,0
L-01078,2026-03-28,15.0,1,Bachelors,6.7,4.17,3,1,41.8,1.0,Mobile,friend,scholarship,21.0,0,,asked about certificate,0.0,0
L-01666,2026-06-07,21.0,2,Unknown,19.7,2.26,2,3,63.9,0.0,Laptop,youtube,free,12.0,no,,duplicate?  check,0.0,1
L-00753,2026-03-08,16.0,1,Bachelors,6.0,3.53,1,4,11.3,0.0,Laptop,instagram,free,12.0,0,,,0.0,1
L-01189,2026-01-18,28.0,2,Masters,7.8,3.66,5,6,62.6,0.0,Laptop,instagram,free,12.0,no,,duplicate?  check,0.0,1
L-00804,2026-05-01,22.0,2,High School,1.2,2.29,6,1,54.6,0.0,Desktop,friend,free,12.0,TRUE,93.0,requested extension,1.0,1
L-02244,2026-05-19,25.0,2,Other,2.5,3.17,3,4,41.9,0.0,Desktop,friend,free,10.0,no,,,0.0,0
L-00291,2026-02-05,21.0,2,Bachelors,7.1,3.93,0,3,52.8,0.0,Mobile,ngo_outreach,scholarship,11.0,N,35.4,requested extension,0.0,0
L-00665,2026-01-13,17.0,2,Bachelors,6.5,2.66,2,3,5.7,0.0,Mobile,instagram,scholarship,20.0,no,,requested extension,0.0,0
L-01165,2026-05-22,15.0,3,High School,13.7,2.89,3,12,100.0,0.0,Tablet,friend,paid,6.0,yes,57.2,,1.0,0
L-02170,2026-02-01,23.0,3,Bachelors,9.1,3.1,3,4,52.1,0.0,Mobile,instagram,free,9.0,N,,,0.0,0
L-01644,2026-06-23,18.0,3,Masters,7.3,0.53,3,3,1.3,1.0,Laptop,instagram,free,12.0,no,,duplicate?  check,0.0,1
L-00375,2026-03-10,17.0,2,Masters,7.1,4.07,0,0,32.7,0.0,Mobile,other,free,12.0,TRUE,92.3,,1.0,1
L-00132,2026-01-14,18.0,3,High School,3.3,1.21,0,0,0.0,0.0,Laptop,ngo_outreach,free,12.0,No,,-,0.0,1
L-00525,2026-01-12,21.0,1,High School,4.4,3.82,7,4,18.4,0.0,Mobile,school_partner,paid,9.0,Yes,90.3,,1.0,0
L-02438,2026-02-12,18.0,2,Bachelors,6.9,3.99,4,6,55.1,1.0,Mobile,instagram,paid,14.0,TRUE,79.9,-,1.0,0
L-00067,2026-01-22,24.0,1,Masters,8.7,6.02,4,1,41.7,0.0,Mobile,school_partner,free,12.0,0,60.8,called on phone,0.0,0
L-02248,2026-01-19,21.0,3,High School,5.4,0.47,0,1,44.0,1.0,Tablet,instagram,paid,21.0,FALSE,,,0.0,0
L-01171,2026-04-03,18.0,1,Bachelors,8.9,1.92,2,0,18.6,0.0,Mobile,friend,free,12.0,no,,asked about certificate,0.0,1
L-02235,2026-04-14,21.0,2,Bachelors,7.1,1.02,2,1,18.9,0.0,Mobile,instagram,scholarship,12.0,No,,requested extension,0.0,1
L-01527,2026-01-05,15.0,2,Diploma,6.1,3.4,6,1,45.3,0.0,Laptop,friend,free,11.0,N,,duplicate?  check,0.0,0
L-00057,2026-02-16,22.0,3,Other,10.9,7.0,4,7,68.0,0.0,Laptop,friend,scholarship,8.0,Yes,91.7,,1.0,0
L-00275,2026-01-15,31.0,2,Other,4.4,4.71,2,7,31.5,1.0,Laptop,school_partner,scholarship,17.0,yes,62.1,called on phone,1.0,0
L-00225,2026-03-25,19.0,1,Diploma,1.0,0.28,2,3,15.3,0.0,Mobile,youtube,scholarship,12.0,0,,,0.0,1
L-00182,2026-03-27,21.0,3,High School,8.8,3.76,0,0,30.0,1.0,Laptop,youtube,paid,8.0,yes,76.8,asked about certificate,1.0,0
L-01139,2026-03-24,22.0,1,Bachelors,4.1,1.5,1,0,0.0,1.0,Mobile,friend,scholarship,12.0,No,,duplicate?  check,0.0,1
L-02270,2026-03-28,21.0,3,High School,7.1,2.52,4,2,72.3,0.0,Mobile,friend,free,12.0,N,,duplicate?  check,0.0,1
L-02442,2026-01-25,20.0,3,High School,6.2,2.04,3,5,37.1,0.0,Laptop,ngo_outreach,scholarship,12.0,No,,called on phone,0.0,1
L-01463,2026-05-17,21.0,2,High School,8.0,5.64,2,3,63.1,0.0,Laptop,ngo_outreach,scholarship,20.0,no,,,0.0,0
L-00214,2026-03-08,25.0,3,High School,5.9,3.67,0,3,33.4,0.0,Tablet,school_partner,free,15.0,FALSE,87.7,asked about certificate,1.0,0
L-01375,2026-06-24,27.0,3,Bachelors,9.1,4.32,5,6,80.4,0.0,Laptop,instagram,free,12.0,No,,asked about certificate,0.0,1
L-01337,2026-01-13,20.0,1,Bachelors,14.7,6.23,7,3,100.0,1.0,Laptop,friend,free,5.0,Y,77.0,,1.0,0
L-01294,2026-02-28,23.0,2,High School,8.6,2.7,5,7,25.9,0.0,Mobile,friend,free,12.0,no,,called on phone,0.0,1
L-01436,2026-01-09,21.0,3,High School,5.2,2.37,4,7,64.7,0.0,Mobile,school_partner,free,12.0,0,,called on phone,0.0,1
L-00887,2026-05-13,31.0,1,High School,3.3,3.13,2,1,56.1,0.0,Laptop,instagram,paid,20.0,yes,83.4,duplicate?  check,1.0,0
L-00658,2026-03-12,19.0,3,Masters,7.6,2.58,2,1,42.0,1.0,Laptop,other,free,12.0,no,,,0.0,1
L-01616,2026-05-02,15.0,2,Diploma,5.7,3.93,8,9,52.6,0.0,Mobile,school_partner,scholarship,15.0,Y,64.5,asked about certificate,1.0,0
L-01981,2026-01-24,23.0,2,Bachelors,9.8,3.13,9,7,41.4,1.0,Mobile,friend,free,7.0,TRUE,71.2,,1.0,0
L-02799,2026-05-20,22.0,1,High School,1.0,2.8,0,4,34.1,0.0,Mobile,school_partner,paid,12.0,N,,duplicate?  check,0.0,1
L-01787,2026-06-28,22.0,1,Diploma,8.5,3.13,4,0,100.0,1.0,Mobile,friend,scholarship,6.0,1,71.4,follow up next intake,1.0,0
L-00272,2026-06-03,15.0,2,Masters,1.7,3.13,4,2,58.6,0.0,Laptop,school_partner,free,12.0,No,86.4,,1.0,1
L-02009,2026-01-20,17.0,1,Diploma,14.2,4.52,9,3,67.8,1.0,Mobile,youtube,scholarship,5.0,1,80.8,,1.0,0
L-01218,2026-03-18,21.0,1,Other,10.6,3.75,3,3,25.6,0.0,Tablet,friend,scholarship,6.0,0,,-,0.0,0
L-01510,2026-01-06,26.0,2,Bachelors,4.6,2.45,7,8,45.5,0.0,Mobile,instagram,free,3.0,TRUE,88.1,,1.0,0
L-01076,2026-02-09,21.0,1,Other,5.4,1.57,2,3,23.5,1.0,Laptop,youtube,scholarship,11.0,FALSE,,,0.0,0
L-01760,2026-06-25,21.0,2,Bachelors,5.7,3.96,0,1,18.3,1.0,Desktop,instagram,paid,12.0,1,86.8,,1.0,1
L-01330,2026-03-16,20.0,1,Diploma,10.1,5.37,4,1,78.7,1.0,Mobile,school_partner,scholarship,10.0,yes,72.6,asked about certificate,1.0,0
L-02141,2026-01-25,17.0,2,Other,10.3,3.59,1,3,19.5,1.0,Mobile,instagram,free,12.0,N,,,0.0,1
L-00429,2026-05-10,18.0,3,Bachelors,3.8,5.09,5,4,58.2,0.0,Mobile,instagram,scholarship,4.0,FALSE,,,0.0,0
L-00588,2026-04-11,23.0,2,Diploma,7.5,1.61,3,7,46.0,0.0,Laptop,ngo_outreach,scholarship,12.0,N,,-,0.0,1
L-00682,2026-06-24,23.0,3,Bachelors,10.1,3.9,7,10,47.8,0.0,Mobile,instagram,scholarship,2.0,1,77.9,,1.0,0
L-01429,2026-05-13,19.0,3,Bachelors,2.1,5.39,6,3,51.6,0.0,Mobile,school_partner,paid,7.0,Yes,72.9,follow up next intake,1.0,0
L-01457,2026-04-12,18.0,2,High School,5.9,3.33,2,1,0.4,0.0,Mobile,instagram,scholarship,12.0,no,,,0.0,0
L-00678,2026-03-24,15.0,1,High School,10.5,3.37,0,1,22.3,0.0,Mobile,ngo_outreach,free,12.0,no,31.3,duplicate?  check,0.0,1
L-00973,2026-01-14,16.0,1,Bachelors,11.3,2.4,10,4,50.6,0.0,Desktop,school_partner,paid,12.0,1,71.9,,1.0,1
L-02631,2026-04-09,18.0,2,High School,8.3,5.28,5,9,15.6,1.0,Laptop,school_partner,free,8.0,No,,asked about certificate,0.0,0
L-02581,2026-05-06,18.0,1,High School,9.5,4.01,3,10,52.0,0.0,Laptop,other,scholarship,6.0,1,68.7,,1.0,0
L-01332,2026-05-10,22.0,1,High School,12.4,3.5,5,4,45.5,0.0,Tablet,instagram,free,12.0,FALSE,,,0.0,1
L-01155,2026-03-02,20.0,1,Masters,13.8,2.74,5,1,45.5,0.0,Mobile,ngo_outreach,scholarship,8.0,Y,70.7,,1.0,0
L-02162,2026-04-25,23.0,1,Bachelors,10.7,4.12,2,0,98.1,1.0,Mobile,instagram,free,21.0,Y,85.9,,1.0,0
L-01303,2026-02-14,18.0,2,Masters,3.3,3.13,3,3,32.6,1.0,Laptop,other,scholarship,12.0,no,,follow up next intake,0.0,1
L-01563,2026-04-10,15.0,1,Bachelors,4.1,3.73,9,11,100.0,0.0,Mobile,instagram,free,13.0,yes,87.6,,1.0,0
L-00721,2026-02-26,24.0,3,Other,9.2,3.92,1,1,67.2,1.0,Mobile,youtube,paid,18.0,1,66.5,,1.0,0
